,Alpha,Beta,AllBCV,MeanBCV,MinBCV,MaxBCV,WBCV,CohBCV,EqualParameters_AllBCV,EqualParameters_MeanBCV,EqualParameters_MinBCV,EqualParameters_MaxBCV,EqualParameters_CohBCV,MincF
129,0.05,0.05,1.2018218023879983,0.120477873198887,0.3394476105207541,5.006792281448097,1.2498707550961274,-0.220266770709467,0.048048952708129145,1.1293928818972405,0.9104231445753733,-3.7569215263519693,1.4701375258055944,-3.7569215263519693
124,0.05,0.1,1.2347666656460952,0.1714886972143168,0.3608704112944581,5.041919083664513,1.2551957620722018,-0.1617343421287628,0.020429096426106685,1.083707064857885,0.8943253507777438,-3.786723321592311,1.4169301042009645,-3.786723321592311
121,0.05,0.15,1.2307200769044475,0.115700255091027,0.3394476105207542,5.228329145519273,1.2877158414717,-0.2092277600561835,0.05699576456725253,1.172015586380673,0.9482682309509458,-3.940613304047573,1.4969436015278834,-3.940613304047573
122,0.05,0.2,1.193230066359932,0.1361600064928896,0.366226111487884,5.206138134479307,1.2222937327975822,-0.1180917418713055,0.029063666437650237,1.0861337263046926,0.8560676213096983,-3.9838444016817247,1.3403854746688877,-3.9838444016817247
123,0.05,0.25,1.2687666751900313,0.155334053391375,0.3394476105207542,5.574855804957231,1.3105816352904651,-0.2348998778546407,0.04181496010043384,1.1552475818990902,0.9711340247697109,-4.264274169666766,1.5454815131451058,-4.264274169666766
125,0.05,0.3,1.2207707887369892,0.1143735571680621,0.3394476105207542,5.756570124275971,1.2769930672157823,-0.2182130012856123,0.05622227847879313,1.1626195100477201,0.9375454566950281,-4.4795770570601885,1.4952060685013946,-4.4795770570601885
128,0.05,0.35,1.179335557391039,0.1045990025896604,0.3394476105207542,5.075254082796032,1.2362228692973618,-0.1976753070468362,0.0568873119063229,1.1316238667077014,0.8967752587766076,-3.8390312134986706,1.433898176344198,-3.8390312134986706
127,0.05,0.3999999999999999,1.1544728013993606,0.0938803247854713,0.3394476105207542,5.285941734363117,1.2126425963128584,-0.2772588722222003,0.05816979491349783,1.118762271527387,0.8731949857921042,-4.073299138050259,1.4899014685350587,-4.073299138050259
130,0.05,0.4499999999999999,1.2418164665106668,0.1923101172800393,0.3666188566386918,5.419664660420327,1.2486831615374097,-0.1001212594122884,0.006866695026742864,1.0563730442573704,0.8820643048987178,-4.1709814988829175,1.348804420949698,-4.1709814988829175
126,0.05,0.4999999999999999,1.184170172627034,0.116404590370543,0.3394476105207542,5.285941734363117,1.2270980534523996,-0.2772588722221114,0.042927880825365694,1.1106934630818566,0.8876504429316454,-4.058843680910718,1.504356925674511,-4.058843680910718
134,0.05,0.5499999999999999,1.194443684142244,0.1102203508806258,0.3394476105207542,5.285941734363117,1.2506667251623516,-0.32346868425953,0.056223041020107445,1.1404463742817257,0.9112191146415973,-4.035275009200766,1.5741354094218816,-4.035275009200766
135,0.05,0.6,99.0,99.0,99.0,99.0,1.1846642705744568,0.0,99.0,99.0,99.0,99.0,1.1846642705744568,0.0
138,0.05,0.65,99.0,99.0,99.0,99.0,1.1846642705744568,0.0,99.0,99.0,99.0,99.0,1.1846642705744568,0.0
132,0.05,0.7,99.0,99.0,99.0,99.0,1.1846642705744568,0.0,99.0,99.0,99.0,99.0,1.1846642705744568,0.0
133,0.05,0.75,99.0,99.0,99.0,99.0,1.1846642705744568,0.0,99.0,99.0,99.0,99.0,1.1846642705744568,0.0
136,0.05,0.7999999999999999,99.0,99.0,99.0,99.0,1.1846642705744568,0.0,99.0,99.0,99.0,99.0,1.1846642705744568,0.0
137,0.05,0.85,99.0,99.0,99.0,99.0,1.1846642705744568,0.0,99.0,99.0,99.0,99.0,1.1846642705744568,0.0
131,0.05,0.9,1.158016515000544,0.049255156046479,0.3394476105207542,4.744819191215218,1.2536601817667037,-0.1848392481479409,0.09564366676615976,1.2044050257202248,0.9142125712459495,-3.4911590094485137,1.4384994299146445,-3.4911590094485137
139,0.05,0.95,99.0,99.0,99.0,99.0,1.1846642705744568,0.0,99.0,99.0,99.0,99.0,1.1846642705744568,0.0
140,0.05,1.0,99.0,99.0,99.0,99.0,1.1846642705744568,0.0,99.0,99.0,99.0,99.0,1.1846642705744568,0.0
349,0.1,0.05,1.3198786621371614,0.1572499126381621,0.3394476105207542,6.091322095277277,1.354676561730463,-0.2348998778545407,0.034797899593301596,1.197426649092301,1.0152289512097088,-4.736645533546813,1.5895764395850036,-4.736645533546813
344,0.1,0.1,1.2279460434511948,0.1391596572238454,0.3394476105207541,5.02487535288765,1.2642031706498504,-0.2595451109411417,0.03625712719865559,1.125043513426005,0.9247555601290963,-3.7606721822378,1.5237482815909922,-3.7606721822378
341,0.1,0.15,1.22148808930761,0.1677256700534005,0.3598260451092074,5.444729800350491,1.2418144059965588,-0.1091065006418247,0.020326316688948687,1.0740887359431583,0.8819883608873513,-4.202915394353933,1.3509209066383834,-4.202915394353933
342,0.1,0.2,1.2375949071855763,0.1549443848193955,0.366226111487884,5.546796155219276,1.2645209990504198,-0.1257933772108419,0.026926091864843515,1.1095766142310244,0.8982948875625358,-4.282275156168856,1.3903143762612618,-4.282275156168856
343,0.1,0.25,1.2207707887369892,0.1143735571680621,0.3394476105207542,5.756570124275971,1.2769930672157823,-0.220780213065464,0.05622227847879313,1.1626195100477201,0.9375454566950281,-4.4795770570601885,1.4977732802812462,-4.4795770570601885
345,0.1,0.3,1.162759986843516,0.0951983296499231,0.3394476105207542,5.075254082796032,1.2206900455453324,-0.2105113659460945,0.057930058701816556,1.1254917158954094,0.8812424350245782,-3.8545640372507,1.4312014114914269,-3.8545640372507
348,0.1,0.35,1.2207707887369892,0.1143735571680621,0.3394476105207542,5.756570124275971,1.2769930672157823,-0.2233474248453157,0.05622227847879313,1.1626195100477201,0.9375454566950281,-4.4795770570601885,1.500340492061098,-4.4795770570601885
347,0.1,0.3999999999999999,1.2083895341131146,0.1026435247500766,0.3394476105207542,5.285941734363117,1.2583014235486427,-0.2849605075616664,0.049911889435528156,1.1556578987985662,0.9188538130278885,-4.0276403108144745,1.543261931110309,-4.0276403108144745
350,0.1,0.4499999999999999,1.1544728013993606,0.0938803247854713,0.3394476105207542,5.285941734363117,1.2126425963128586,-0.3003637782408652,0.05816979491349805,1.1187622715273873,0.8731949857921044,-4.073299138050259,1.5130063745537239,-4.073299138050259
346,0.1,0.4999999999999999,99.0,99.0,99.0,99.0,1.1846642705744568,0.0,99.0,99.0,99.0,99.0,1.1846642705744568,0.0
354,0.1,0.5499999999999999,1.2265842228239383,0.1113465182444555,0.3394476105207542,5.285941734363117,1.2855958459806562,-0.3080654135804201,0.05901162315671793,1.1742493277362007,0.946148235459902,-4.000345888382461,1.5936612595610764,-4.000345888382461
355,0.1,0.6,99.0,99.0,99.0,99.0,1.1846642705744568,0.0,99.0,99.0,99.0,99.0,1.1846642705744568,0.0
358,0.1,0.65,99.0,99.0,99.0,99.0,1.1846642705744568,0.0,99.0,99.0,99.0,99.0,1.1846642705744568,0.0
352,0.1,0.7,99.0,99.0,99.0,99.0,1.1846642705744568,0.0,99.0,99.0,99.0,99.0,1.1846642705744568,0.0
353,0.1,0.75,99.0,99.0,99.0,99.0,1.1846642705744568,0.0,99.0,99.0,99.0,99.0,1.1846642705744568,0.0
356,0.1,0.7999999999999999,99.0,99.0,99.0,99.0,1.1846642705744568,0.0,99.0,99.0,99.0,99.0,1.1846642705744568,0.0
357,0.1,0.85,99.0,99.0,99.0,99.0,1.1846642705744568,0.0,99.0,99.0,99.0,99.0,1.1846642705744568,0.0
351,0.1,0.9,99.0,99.0,99.0,99.0,1.1846642705744568,0.0,99.0,99.0,99.0,99.0,1.1846642705744568,0.0
359,0.1,0.95,99.0,99.0,99.0,99.0,1.1846642705744568,0.0,99.0,99.0,99.0,99.0,1.1846642705744568,0.0
360,0.1,1.0,99.0,99.0,99.0,99.0,1.1846642705744568,0.0,99.0,99.0,99.0,99.0,1.1846642705744568,0.0
69,0.15,0.05,1.2926220292691992,0.1794092671434719,0.3394476105207541,5.427752137835741,1.3152721274272243,-0.2056336635641993,0.0226500981580251,1.1358628602837524,0.9758245169064702,-4.112480010408516,1.5209057909914236,-4.112480010408516
64,0.15,0.1,1.2581210857599976,0.1519299815592452,0.3394476105207541,6.181019969670596,1.2968332626610424,-0.2433716767281163,0.03871217690104478,1.1449032811017972,0.9573856521402883,-4.884186707009554,1.5402049393891586,-4.884186707009554
61,0.15,0.15,1.205961283347968,0.1354922026916985,0.3394476105207542,4.835734977178678,1.2466627133957366,-0.2400343014143366,0.040701430047768605,1.1111705107040382,0.9072151028749824,-3.589072263782941,1.4866970148100733,-3.589072263782941
62,0.15,0.2,1.162759986843516,0.0951983296499231,0.3394476105207542,5.075254082796032,1.2206900455453324,-0.2130785777259461,0.057930058701816556,1.1254917158954094,0.8812424350245782,-3.8545640372507,1.4337686232712785,-3.8545640372507
63,0.15,0.25,1.2282524801260384,0.1156259824052704,0.3394476105207542,5.228329145519274,1.2836182863861976,-0.2182130012856346,0.05536580626015919,1.1679923039809272,0.9441706758654433,-3.944710859133077,1.5018312876718323,-3.944710859133077
65,0.15,0.3,1.2207707887369892,0.1143735571680621,0.3394476105207542,5.756570124275971,1.2769930672157823,-0.2156457895057607,0.05622227847879313,1.1626195100477201,0.9375454566950281,-4.4795770570601885,1.492638856721543,-4.4795770570601885
68,0.15,0.35,1.2207707887369892,0.1143735571680621,0.3394476105207542,5.756570124275971,1.2769930672157823,-0.220780213065464,0.05622227847879313,1.1626195100477201,0.9375454566950281,-4.4795770570601885,1.4977732802812462,-4.4795770570601885
67,0.15,0.3999999999999999,1.2207707887369892,0.1143735571680621,0.3394476105207542,5.756570124275971,1.2769930672157823,-0.2259146366251673,0.05622227847879313,1.1626195100477201,0.9375454566950281,-4.4795770570601885,1.5029077038409495,-4.4795770570601885
70,0.15,0.4499999999999999,1.2265842228239383,0.1113465182444555,0.3394476105207542,5.285941734363117,1.2855958459806562,-0.315767048919975,0.05901162315671793,1.1742493277362007,0.946148235459902,-4.000345888382461,1.6013628949006313,-4.000345888382461
66,0.15,0.4999999999999999,1.1661977519040048,0.1209483721534304,0.3394476105207542,5.285941734363117,1.2037022530080852,-0.1771376128078971,0.037504501104080434,1.0827538808546548,0.864254642487331,-4.082239481355032,1.3808398658159824,-4.082239481355032
74,0.15,0.5499999999999999,1.174572836072541,0.1079886192210559,0.3394476105207542,5.285941734363117,1.2284778550986766,-0.3080654135804201,0.05390501902613565,1.1204892358776206,0.8890302445779223,-4.057463879264441,1.5365432686790967,-4.057463879264441
75,0.15,0.6,1.2564216160755153,0.1425145672874097,0.3394476105207542,4.744819191215218,1.3109669882711206,-0.3311703195991961,0.05454537219560529,1.1684524209837108,0.9715193777503663,-3.433852202944097,1.6421373078703168,-3.433852202944097
78,0.15,0.65,1.2838189707516086,0.2731914501598813,0.3307374625894085,4.727051891587792,1.2722237179158822,1.999955756557756e-12,-0.011595252835726377,0.9990322677560008,0.9414862553264737,-3.45482817367191,1.2722237179138822,-3.45482817367191
72,0.15,0.7,99.0,99.0,99.0,99.0,1.1846642705744568,0.0,99.0,99.0,99.0,99.0,1.1846642705744568,0.0
73,0.15,0.75,99.0,99.0,99.0,99.0,1.1846642705744568,0.0,99.0,99.0,99.0,99.0,1.1846642705744568,0.0
76,0.15,0.7999999999999999,99.0,99.0,99.0,99.0,1.1846642705744568,0.0,99.0,99.0,99.0,99.0,1.1846642705744568,0.0
77,0.15,0.85,99.0,99.0,99.0,99.0,1.1846642705744568,0.0,99.0,99.0,99.0,99.0,1.1846642705744568,0.0
71,0.15,0.9,99.0,99.0,99.0,99.0,1.1846642705744568,0.0,99.0,99.0,99.0,99.0,1.1846642705744568,0.0
79,0.15,0.95,99.0,99.0,99.0,99.0,1.1846642705744568,0.0,99.0,99.0,99.0,99.0,1.1846642705744568,0.0
80,0.15,1.0,1.1580165150005444,0.049255156046479,0.3394476105207542,4.744819191215218,1.2536601817667037,-0.1925408834874958,0.09564366676615932,1.2044050257202248,0.9142125712459495,-3.4911590094485137,1.4462010652541994,-3.4911590094485137
209,0.2,0.05,1.2182824991270609,0.1751330490380859,0.3394476105207541,4.900146779641046,1.2321002926429134,-0.1971618646906867,0.01381779351585255,1.0569672436048276,0.8926526821221593,-3.668046486998133,1.4292621573336002,-3.668046486998133
204,0.2,0.1,1.2476181807776234,0.1341727001781971,0.3394476105207541,4.862936304647225,1.2947976025077583,-0.2395208590583522,0.047179421730134896,1.1606249023295612,0.9553499919870042,-3.568138702139467,1.5343184615661105,-3.568138702139467
201,0.2,0.15,1.2603074151738285,0.1801011260773809,0.3394476105207542,5.164147875000713,1.2820088960013225,-0.2143621836157349,0.021701480827494013,1.1019077699239417,0.9425612854805683,-3.8821389789993903,1.4963710796170573,-3.8821389789993903
202,0.2,0.2,1.212728339814951,0.1132403500761857,0.3394476105207542,5.1478825528717564,1.269325545323864,-0.2182130012856494,0.05659720550891301,1.1560851952476785,0.9298779348031099,-3.8785570075478923,1.4875385466095135,-3.8785570075478923
203,0.2,0.25,1.1909668683328072,0.1103198086394128,0.3394476105207542,5.075254082796032,1.2460394647783275,-0.2156457895057978,0.055072596445520317,1.1357196561389147,0.9065918542575733,-3.829214618017705,1.4616852542841252,-3.829214618017705
205,0.2,0.3,1.2668223334308542,0.13257643130583,0.3394476105207542,5.477739165668928,1.321963460708298,-0.2413179073042735,0.0551411272774438,1.189387029402468,0.9825158501875437,-4.1557757049606305,1.5632813680125714,-4.1557757049606305
208,0.2,0.35,1.173711246073366,0.1283013014277199,0.3394476105207542,5.285941734363117,1.2096687003303317,-0.200242518826562,0.035957454256965615,1.0813673989026118,0.8702210898095775,-4.076273034032786,1.4099112191568937,-4.076273034032786
207,0.2,0.3999999999999999,1.34303045873694,0.2447302574392297,0.4172072632184326,7.266026404259247,1.3394165713101804,-0.0975540476324367,-0.003613887426759499,1.0946863138709508,0.9222093080917478,-5.926609832949066,1.4369706189426172,-5.926609832949066
210,0.2,0.4499999999999999,1.1927609546422964,0.1263336278332093,0.3394476105207542,5.075254082796032,1.2373374172430325,-0.2592883897632091,0.04457646260073611,1.1110037894098233,0.8978898067222782,-3.837916665553,1.4966258070062417,-3.837916665553
206,0.2,0.4999999999999999,1.173711246073366,0.1283013014277199,0.3394476105207542,5.285941734363117,1.2096687003303317,-0.192540883487007,0.035957454256965615,1.0813673989026118,0.8702210898095775,-4.076273034032786,1.4022095838173387,-4.076273034032786
214,0.2,0.5499999999999999,1.17642747842301,0.1000973543213359,0.3394476105207542,3.617386316287128,1.2338520588119704,-0.2849605075618664,0.05742458038896037,1.1337547044906344,0.8944044482912161,-2.3835342574751577,1.5188125663738368,-2.3835342574751577
215,0.2,0.6,1.2361345384958773,0.183083548508431,0.3751522784769272,4.836865021145744,1.2447968489933932,-0.110390106531732,0.008662310497515868,1.0617133004849622,0.8696445705164659,-3.5920681721523513,1.3551869555251252,-3.5920681721523513
218,0.2,0.65,99.0,99.0,99.0,99.0,1.1846642705744568,0.0,99.0,99.0,99.0,99.0,1.1846642705744568,0.0
212,0.2,0.7,1.1797267212996003,0.0851596716394059,0.3394476105207542,4.744819191215218,1.2548001125604276,-0.2849605075619997,0.07507339126082724,1.1696404409210217,0.9153525020396733,-3.49001907865479,1.5397606201224272,-3.49001907865479
213,0.2,0.75,99.0,99.0,99.0,99.0,1.1846642705744568,0.0,99.0,99.0,99.0,99.0,1.1846642705744568,0.0
216,0.2,0.7999999999999999,99.0,99.0,99.0,99.0,1.1846642705744568,0.0,99.0,99.0,99.0,99.0,1.1846642705744568,0.0
217,0.2,0.85,99.0,99.0,99.0,99.0,1.1846642705744568,0.0,99.0,99.0,99.0,99.0,1.1846642705744568,0.0
211,0.2,0.9,99.0,99.0,99.0,99.0,1.1846642705744568,0.0,99.0,99.0,99.0,99.0,1.1846642705744568,0.0
219,0.2,0.95,99.0,99.0,99.0,99.0,1.1846642705744568,0.0,99.0,99.0,99.0,99.0,1.1846642705744568,0.0
220,0.2,1.0,1.1994016417831657,0.383331443320751,0.371184699425946,8.101627906477132,1.134130943482802,1.999955756557756e-12,-0.0652706983003637,0.750799500162051,0.762946244056856,-6.96749696299433,1.134130943480802,-6.96749696299433
389,0.25,0.05,1.187761232948493,0.1258828956835111,0.3394476105207541,4.62745593617409,1.2274464676783925,-0.2518434756016001,0.03968523472989949,1.1015635719948813,0.8879988571576384,-3.400009468495697,1.4792899432799926,-3.400009468495697
384,0.25,0.1,1.2119787609249064,0.1349388097830182,0.3394476105207542,4.693017500318156,1.251722518622675,-0.2130785777258609,0.03974375769776861,1.1167837088396568,0.9122749081019208,-3.441294981695481,1.4648010963485358,-3.441294981695481
381,0.25,0.15,1.2178726710322048,0.137753942153183,0.3394476105207542,5.164147875000713,1.259592125504463,-0.2503031485336988,0.04171945447225833,1.12183818335128,0.9201445149837089,-3.9045557494962493,1.509895274038162,-3.9045557494962493
382,0.25,0.2,1.2207707887369892,0.1143735571680621,0.3394476105207542,5.756570124275971,1.276993067215783,-0.2284818484050189,0.0562222784787938,1.1626195100477208,0.9375454566950288,-4.479577057060188,1.5054749156208018,-4.479577057060188
383,0.25,0.25,1.2007977879673573,0.1370609569489742,0.366226111487884,5.206138134479307,1.2295214613673529,-0.1334950125504006,0.028723673399995597,1.0924605044183786,0.8632953498794689,-3.976616673111954,1.3630164739177535,-3.976616673111954
385,0.25,0.3,1.1544728013993606,0.0938803247854713,0.3394476105207542,5.285941734363117,1.2126425963128584,-0.3080654135804201,0.05816979491349783,1.118762271527387,0.8731949857921042,-4.073299138050259,1.5207080098932786,-4.073299138050259
388,0.25,0.35,1.2207707887369892,0.1143735571680621,0.3394476105207542,5.756570124275971,1.276993067215783,-0.2182130012856124,0.0562222784787938,1.1626195100477208,0.9375454566950288,-4.479577057060188,1.4952060685013955,-4.479577057060188
387,0.25,0.3999999999999999,1.173711246073366,0.1283013014277199,0.3394476105207542,5.285941734363117,1.2096687003303317,-0.200242518826562,0.035957454256965615,1.0813673989026118,0.8702210898095775,-4.076273034032786,1.4099112191568937,-4.076273034032786
390,0.25,0.4499999999999999,1.1809395041072184,0.0998727326527186,0.3394476105207542,5.285941734363117,1.2355022576828314,-0.2926621429013102,0.05456275357561302,1.1356295250301127,0.8960546471620772,-4.050439476680285,1.5281644005841417,-4.050439476680285
386,0.25,0.4999999999999999,1.1670659276512807,0.1218249681614872,0.3394476105207542,5.285941734363117,1.2107246072923683,-0.1463310714497662,0.043658679641087605,1.0888996391308812,0.8712769967716141,-4.075217127070749,1.3570556787421344,-4.075217127070749
394,0.25,0.5499999999999999,1.1809395041072184,0.0998727326527186,0.3394476105207542,5.285941734363117,1.2355022576828314,-0.2695572368826454,0.05456275357561302,1.1356295250301127,0.8960546471620772,-4.050439476680285,1.5050594945654767,-4.050439476680285
395,0.25,0.6,99.0,99.0,99.0,99.0,1.1846642705744568,0.0,99.0,99.0,99.0,99.0,1.1846642705744568,0.0
398,0.25,0.65,1.27039596149904,0.2376940571377955,0.3802044796976607,4.503487940080877,1.2449258789623476,1.9999557565577565e-12,-0.025470082536692473,1.0072318218245522,0.8647213992646869,-3.2585620611185293,1.2449258789603477,-3.2585620611185293
392,0.25,0.7,1.1436054713396628,0.0778565514972445,0.3394476105207542,5.285941734363117,1.2149221713736686,-0.2156457895058718,0.07131670003400581,1.1370656198764242,0.8754745608529144,-4.071019562989449,1.4305679608795405,-4.071019562989449
393,0.25,0.75,99.0,99.0,99.0,99.0,1.1846642705744568,0.0,99.0,99.0,99.0,99.0,1.1846642705744568,0.0
396,0.25,0.7999999999999999,99.0,99.0,99.0,99.0,1.1846642705744568,0.0,99.0,99.0,99.0,99.0,1.1846642705744568,0.0
397,0.25,0.85,99.0,99.0,99.0,99.0,1.1846642705744568,0.0,99.0,99.0,99.0,99.0,1.1846642705744568,0.0
391,0.25,0.9,99.0,99.0,99.0,99.0,1.1846642705744568,0.0,99.0,99.0,99.0,99.0,1.1846642705744568,0.0
399,0.25,0.95,99.0,99.0,99.0,99.0,1.1846642705744568,0.0,99.0,99.0,99.0,99.0,1.1846642705744568,0.0
400,0.25,1.0,99.0,99.0,99.0,99.0,1.1846642705744568,0.0,99.0,99.0,99.0,99.0,1.1846642705744568,0.0
369,0.3,0.05,1.1699360144292577,0.1292390752299487,0.3394476105207541,4.389116680746242,1.2008361619325327,-0.2449120037959829,0.030900147503275077,1.071597086702584,0.8613885514117786,-3.188280518813709,1.4457481657285156,-3.188280518813709
364,0.3,0.1,1.2514293215709504,0.1674191252629714,0.3394476105207541,5.202873665927371,1.2806147958135383,-0.214105462437792,0.029185474242587883,1.113195670550567,0.9411671852927842,-3.922258870113833,1.4947202582513304,-3.922258870113833
361,0.3,0.15,1.3279290896858804,0.24105278518218,0.3394476105207542,7.490782670563867,1.3215118667217611,-0.1296441948806379,-0.006417222964119285,1.0804590815395811,0.9820642562010069,-6.169270803842106,1.451156061602399,-6.169270803842106
362,0.3,0.2,1.2207707887369892,0.1143735571680621,0.3394476105207542,5.756570124275971,1.276993067215783,-0.2130785777259091,0.0562222784787938,1.1626195100477208,0.9375454566950288,-4.479577057060188,1.490071644941692,-4.479577057060188
363,0.3,0.25,1.1627599868435157,0.0951983296499231,0.3394476105207542,5.075254082796032,1.2206900455453324,-0.2105113659460945,0.05793005870181678,1.1254917158954094,0.8812424350245782,-3.8545640372507,1.4312014114914269,-3.8545640372507
365,0.3,0.3,1.2207707887369892,0.1143735571680621,0.3394476105207542,5.756570124275971,1.2769930672157823,-0.2284818484050189,0.05622227847879313,1.1626195100477201,0.9375454566950281,-4.4795770570601885,1.5054749156208012,-4.4795770570601885
368,0.3,0.35,1.2207707887369892,0.1143735571680621,0.3394476105207542,5.756570124275971,1.2769930672157823,-0.2284818484050189,0.05622227847879313,1.1626195100477201,0.9375454566950281,-4.4795770570601885,1.5054749156208012,-4.4795770570601885
367,0.3,0.3999999999999999,1.2207707887369892,0.1143735571680621,0.3394476105207542,5.756570124275971,1.2769930672157828,-0.2259146366251673,0.056222278478793575,1.1626195100477206,0.9375454566950285,-4.4795770570601885,1.50290770384095,-4.4795770570601885
370,0.3,0.4499999999999999,1.173711246073366,0.1283013014277199,0.3394476105207542,5.285941734363117,1.2096687003303317,-0.192540883487007,0.035957454256965615,1.0813673989026118,0.8702210898095775,-4.076273034032786,1.4022095838173387,-4.076273034032786
366,0.3,0.4999999999999999,1.1544728013993606,0.0938803247854713,0.3394476105207542,5.285941734363117,1.2126425963128584,-0.2695572368826454,0.05816979491349783,1.118762271527387,0.8731949857921042,-4.073299138050259,1.4821998331955037,-4.073299138050259
374,0.3,0.5499999999999999,1.174572836072541,0.1079886192210559,0.3394476105207542,5.285941734363117,1.2284778550986766,-0.3003637782408652,0.05390501902613565,1.1204892358776206,0.8890302445779223,-4.057463879264441,1.5288416333395418,-4.057463879264441
375,0.3,0.6,1.3405291608842325,0.353952633051422,0.3802044796976607,4.503487940080877,1.2947831795966576,1.999955756557756e-12,-0.0457459812875749,0.9408305465452356,0.9145786998989969,-3.2087047604842196,1.2947831795946576,-3.2087047604842196
378,0.3,0.65,99.0,99.0,99.0,99.0,1.1846642705744568,0.0,99.0,99.0,99.0,99.0,1.1846642705744568,0.0
372,0.3,0.7,99.0,99.0,99.0,99.0,1.1846642705744568,0.0,99.0,99.0,99.0,99.0,1.1846642705744568,0.0
373,0.3,0.75,99.0,99.0,99.0,99.0,1.1846642705744568,0.0,99.0,99.0,99.0,99.0,1.1846642705744568,0.0
376,0.3,0.7999999999999999,99.0,99.0,99.0,99.0,1.1846642705744568,0.0,99.0,99.0,99.0,99.0,1.1846642705744568,0.0
377,0.3,0.85,1.158016515000544,0.049255156046479,0.3394476105207542,4.744819191215218,1.2536601817667037,-0.1925408834874958,0.09564366676615976,1.2044050257202248,0.9142125712459495,-3.4911590094485137,1.4462010652541994,-3.4911590094485137
371,0.3,0.9,99.0,99.0,99.0,99.0,1.1846642705744568,0.0,99.0,99.0,99.0,99.0,1.1846642705744568,0.0
379,0.3,0.95,99.0,99.0,99.0,99.0,1.1846642705744568,0.0,99.0,99.0,99.0,99.0,1.1846642705744568,0.0
380,0.3,1.0,99.0,99.0,99.0,99.0,1.1846642705744568,0.0,99.0,99.0,99.0,99.0,1.1846642705744568,0.0
229,0.35,0.05,1.2252794255755628,0.134854091110119,0.3394476105207542,4.980064262147877,1.2666667982006143,-0.2554375720933909,0.041387372625051544,1.1318127070904953,0.9272191876798601,-3.713397463947263,1.5221043702940054,-3.713397463947263
224,0.35,0.1,1.1905736215614828,0.1532128396871635,0.3608704112944581,4.748650378603413,1.2104646310017368,-0.1617343421287539,0.019891009440254015,1.0572517913145734,0.8495942197072788,-3.538185747601676,1.3721989731304907,-3.538185747601676
221,0.35,0.15,1.254453479822932,0.1608364389302648,0.3640015339035871,5.196857344650953,1.2802563769998918,-0.1432504173138354,0.025802897176959716,1.119419938069627,0.9162548430963047,-3.916600967651061,1.4235067943137272,-3.916600967651061
222,0.35,0.2,1.2434402396124995,0.2212460058588525,0.3556973403635837,5.376958108036703,1.2588154039618376,-0.0716252086559388,0.015375164349338055,1.037569398102985,0.9031180635982539,-4.118142704074866,1.3304406126177764,-4.118142704074866
223,0.35,0.25,1.2375949071855763,0.1549443848193955,0.366226111487884,5.546796155219276,1.2645209990504198,-0.1270769831007677,0.026926091864843515,1.1095766142310244,0.8982948875625358,-4.282275156168856,1.3915979821511875,-4.282275156168856
225,0.35,0.3,1.2207707887369892,0.1143735571680621,0.3394476105207542,5.756570124275971,1.2769930672157823,-0.2284818484050189,0.05622227847879313,1.1626195100477201,0.9375454566950281,-4.4795770570601885,1.5054749156208012,-4.4795770570601885
228,0.35,0.35,1.212728339814951,0.1132403500761857,0.3394476105207542,5.1478825528717564,1.269325545323864,-0.2105113659460945,0.05659720550891301,1.1560851952476785,0.9298779348031099,-3.8785570075478923,1.4798369112699585,-3.8785570075478923
227,0.35,0.3999999999999999,1.2207707887369892,0.1143735571680621,0.3394476105207542,5.756570124275971,1.2769930672157823,-0.2259146366251674,0.05622227847879313,1.1626195100477201,0.9375454566950281,-4.4795770570601885,1.5029077038409497,-4.4795770570601885
230,0.35,0.4499999999999999,1.201414892121566,0.1548070525250391,0.3751522784769272,5.195080340353354,1.217463329060016,-0.0949868358525851,0.01604843693845015,1.062656276534977,0.8423110505830889,-3.9776170112933382,1.3124501649126012,-3.9776170112933382
226,0.35,0.4999999999999999,1.1544728013993606,0.0938803247854713,0.3394476105207542,5.285941734363117,1.2126425963128586,-0.2926621429013102,0.05816979491349805,1.1187622715273873,0.8731949857921044,-4.073299138050259,1.5053047392141687,-4.073299138050259
234,0.35,0.5499999999999999,1.3405291608842325,0.353952633051422,0.3802044796976607,4.503487940080877,1.2947831795966576,1.999955756557756e-12,-0.0457459812875749,0.9408305465452356,0.9145786998989969,-3.2087047604842196,1.2947831795946576,-3.2087047604842196
235,0.35,0.6,1.2127865085655083,0.1757034902822351,0.3930046124550137,4.587532014906149,1.205884532564394,1.9999557565577565e-12,-0.006901976001114196,1.030181042282159,0.8128799201093804,-3.3816474823417546,1.2058845325623941,-3.3816474823417546
238,0.35,0.65,1.4164490789579498,0.2806066414000019,0.4582584906330915,6.96562593759976,1.3888143959396406,1.9999557565577565e-12,-0.02763468301830918,1.1082077545396387,0.9305559053065491,-5.576811541660119,1.3888143959376407,-5.576811541660119
232,0.35,0.7,99.0,99.0,99.0,99.0,1.1846642705744568,0.0,99.0,99.0,99.0,99.0,1.1846642705744568,0.0
233,0.35,0.75,99.0,99.0,99.0,99.0,1.1846642705744568,0.0,99.0,99.0,99.0,99.0,1.1846642705744568,0.0
236,0.35,0.7999999999999999,1.3405291608842325,0.353952633051422,0.3802044796976607,4.503487940080877,1.2947831795966576,1.999955756557756e-12,-0.0457459812875749,0.9408305465452356,0.9145786998989969,-3.2087047604842196,1.2947831795946576,-3.2087047604842196
237,0.35,0.85,1.2127865085655083,0.1757034902822351,0.3930046124550137,4.587532014906149,1.205884532564394,1.9999557565577565e-12,-0.006901976001114196,1.030181042282159,0.8128799201093804,-3.3816474823417546,1.2058845325623941,-3.3816474823417546
231,0.35,0.9,99.0,99.0,99.0,99.0,1.1846642705744568,0.0,99.0,99.0,99.0,99.0,1.1846642705744568,0.0
239,0.35,0.95,1.3405291608842325,0.353952633051422,0.3802044796976607,4.503487940080877,1.2947831795966576,1.999955756557756e-12,-0.0457459812875749,0.9408305465452356,0.9145786998989969,-3.2087047604842196,1.2947831795946576,-3.2087047604842196
240,0.35,1.0,99.0,99.0,99.0,99.0,1.1846642705744568,0.0,99.0,99.0,99.0,99.0,1.1846642705744568,0.0
189,0.3999999999999999,0.05,1.2702394787099731,0.1901349139893088,0.4339284278373531,5.331905514799286,1.2820499109133272,-0.1648149962645403,0.011810432203354093,1.0919149969240185,0.8481214830759741,-4.049855603885959,1.4468649071778674,-4.049855603885959
184,0.3999999999999999,0.1,1.3287457325571934,0.2417360905935897,0.3531554477222642,7.490782670563867,1.3190806549657703,-0.1078228947518989,-0.009665077591423099,1.0773445643721806,0.9659252072435061,-6.171702015598097,1.4269035497176692,-6.171702015598097
181,0.3999999999999999,0.15,1.2597249708541471,0.16620025906911,0.3640015339035871,5.196857344650953,1.2849222045630009,-0.1393995996440845,0.02519723370885374,1.1187219454938908,0.9209206706594137,-3.9119351400879516,1.4243218042070853,-3.9119351400879516
182,0.3999999999999999,0.2,1.3279290896858804,0.24105278518218,0.3394476105207542,7.490782670563867,1.3215118667217611,-0.1347786184403412,-0.006417222964119285,1.0804590815395811,0.9820642562010069,-6.169270803842106,1.4562904851621024,-6.169270803842106
183,0.3999999999999999,0.25,1.1627599868435157,0.0951983296499231,0.3394476105207542,5.075254082796032,1.2206900455453322,-0.2079441541662428,0.057930058701816556,1.1254917158954092,0.881242435024578,-3.8545640372507,1.428634199711575,-3.8545640372507
185,0.3999999999999999,0.3,1.327235753177065,0.2623051631928921,0.3598260451092074,5.785387821090462,1.3454469474004505,-0.1129573183115837,0.018211194223385352,1.0831417842075584,0.985620902291243,-4.439940873690012,1.4584042657120342,-4.439940873690012
188,0.3999999999999999,0.35,1.1544728013993606,0.0938803247854713,0.3394476105207542,5.285941734363117,1.2126425963128586,-0.2926621429013102,0.05816979491349805,1.1187622715273873,0.8731949857921044,-4.073299138050259,1.5053047392141687,-4.073299138050259
187,0.3999999999999999,0.3999999999999999,1.2361040375601675,0.1251895695809985,0.3394476105207542,5.756570124275971,1.2866300386421434,-0.2413179073042476,0.05052600108197591,1.1614404690611448,0.9471824281213892,-4.469940085633827,1.527947945946391,-4.469940085633827
190,0.3999999999999999,0.4499999999999999,1.1661977519040048,0.1209483721534304,0.3394476105207542,5.285941734363117,1.2037022530080852,-0.200242518826562,0.037504501104080434,1.0827538808546548,0.864254642487331,-4.082239481355032,1.4039447718346472,-4.082239481355032
186,0.3999999999999999,0.4999999999999999,1.173711246073366,0.1283013014277199,0.3394476105207542,5.285941734363117,1.2096687003303317,-0.200242518826562,0.035957454256965615,1.0813673989026118,0.8702210898095775,-4.076273034032786,1.4099112191568937,-4.076273034032786
194,0.3999999999999999,0.5499999999999999,1.2265842228239383,0.1113465182444555,0.3394476105207542,5.285941734363117,1.2855958459806562,-0.3080654135804201,0.05901162315671793,1.1742493277362007,0.946148235459902,-4.000345888382461,1.5936612595610764,-4.000345888382461
195,0.3999999999999999,0.6,1.2127865085655083,0.1757034902822351,0.3930046124550137,4.587532014906149,1.205884532564394,1.9999557565577565e-12,-0.006901976001114196,1.030181042282159,0.8128799201093804,-3.3816474823417546,1.2058845325623941,-3.3816474823417546
198,0.3999999999999999,0.65,99.0,99.0,99.0,99.0,1.1846642705744568,0.0,99.0,99.0,99.0,99.0,1.1846642705744568,0.0
192,0.3999999999999999,0.7,99.0,99.0,99.0,99.0,1.1846642705744568,0.0,99.0,99.0,99.0,99.0,1.1846642705744568,0.0
193,0.3999999999999999,0.75,99.0,99.0,99.0,99.0,1.1846642705744568,0.0,99.0,99.0,99.0,99.0,1.1846642705744568,0.0
196,0.3999999999999999,0.7999999999999999,99.0,99.0,99.0,99.0,1.1846642705744568,0.0,99.0,99.0,99.0,99.0,1.1846642705744568,0.0
197,0.3999999999999999,0.85,99.0,99.0,99.0,99.0,1.1846642705744568,0.0,99.0,99.0,99.0,99.0,1.1846642705744568,0.0
191,0.3999999999999999,0.9,1.3405291608842325,0.353952633051422,0.3802044796976607,4.503487940080877,1.2947831795966576,1.999955756557756e-12,-0.0457459812875749,0.9408305465452356,0.9145786998989969,-3.2087047604842196,1.2947831795946576,-3.2087047604842196
199,0.3999999999999999,0.95,99.0,99.0,99.0,99.0,1.1846642705744568,0.0,99.0,99.0,99.0,99.0,1.1846642705744568,0.0
200,0.3999999999999999,1.0,1.2088547278031254,0.1038094079366656,0.3394476105207542,4.744819191215218,1.2795419956953642,-0.2772588722224448,0.07068726789223878,1.1757325877586986,0.94009438517461,-3.465277195519853,1.556800867917809,-3.465277195519853
49,0.4499999999999999,0.05,1.20714188455001,0.1375702358885603,0.3394476105207541,5.095623057378833,1.2456848072048894,-0.248762821465807,0.03854292265487946,1.1081145713163292,0.9062371966841353,-3.8499382501739436,1.4944476286706965,-3.8499382501739436
44,0.4499999999999999,0.1,1.1875947338473556,0.1163936373965852,0.3394476105207541,4.956833105806832,1.2343886529512242,-0.2595451109411973,0.04679391910386865,1.117995015554639,0.8949410424304701,-3.722444452855608,1.4939337638924215,-3.722444452855608
41,0.4499999999999999,0.15,1.2531652987287825,0.1508963789364802,0.3608704112944581,5.241387299523654,1.286326742518689,-0.1447907443817886,0.0331614437899066,1.135430363582209,0.925456331224231,-3.9550605570049653,1.4311174869004777,-3.9550605570049653
42,0.4499999999999999,0.2,1.2774048754980714,0.2671066926463893,0.3598260451092074,5.072547665394254,1.283747386860944,-0.1193753477612017,0.0063425113628725605,1.0166406942145545,0.9239213417517365,-3.7888002785333095,1.4031227346221455,-3.7888002785333095
43,0.4499999999999999,0.25,1.228312850619237,0.1179669673469108,0.3394476105207542,5.228329145519274,1.2813343100107928,-0.2387506955244329,0.05302145939155589,1.163367342663882,0.9418866994900386,-3.9469948355084816,1.5200850055352257,-3.9469948355084816
45,0.4499999999999999,0.3,1.173711246073366,0.1283013014277199,0.3394476105207542,5.285941734363117,1.2096687003303317,-0.192540883487007,0.035957454256965615,1.0813673989026118,0.8702210898095775,-4.076273034032786,1.4022095838173387,-4.076273034032786
48,0.4499999999999999,0.35,1.2207707887369892,0.1143735571680621,0.3394476105207542,5.756570124275971,1.2769930672157828,-0.2413179073042772,0.056222278478793575,1.1626195100477206,0.9375454566950285,-4.4795770570601885,1.51831097452006,-4.4795770570601885
47,0.4499999999999999,0.3999999999999999,1.3000845287566978,0.2634183983580421,0.350811515073609,5.274738164622381,1.3007996437836256,-0.05134423559507,0.0007151150269277817,1.0373812454255835,0.9499881287100165,-3.973938520838755,1.3521438793786955,-3.973938520838755
50,0.4499999999999999,0.4499999999999999,1.2222339029276947,0.151771952420475,0.3394476105207542,5.756570124275971,1.2598931238137154,-0.2464523308639213,0.037659220886020695,1.1081211713932404,0.9204455132929612,-4.496677000462255,1.5063454546776367,-4.496677000462255
46,0.4499999999999999,0.4999999999999999,1.1544728013993606,0.0938803247854713,0.3394476105207542,5.285941734363117,1.2126425963128586,-0.2926621429013102,0.05816979491349805,1.1187622715273873,0.8731949857921044,-4.073299138050259,1.5053047392141687,-4.073299138050259
54,0.4499999999999999,0.5499999999999999,1.1809395041072184,0.0998727326527186,0.3394476105207542,5.285941734363117,1.2355022576828314,-0.2772588722222003,0.05456275357561302,1.1356295250301127,0.8960546471620772,-4.050439476680285,1.5127611299050316,-4.050439476680285
55,0.4499999999999999,0.6,1.3405291608842325,0.353952633051422,0.3802044796976607,4.503487940080877,1.2947831795966576,1.999955756557756e-12,-0.0457459812875749,0.9408305465452356,0.9145786998989969,-3.2087047604842196,1.2947831795946576,-3.2087047604842196
58,0.4499999999999999,0.65,1.158016515000544,0.049255156046479,0.3394476105207542,4.744819191215218,1.2536601817667037,-0.1925408834874958,0.09564366676615976,1.2044050257202248,0.9142125712459495,-3.4911590094485137,1.4462010652541994,-3.4911590094485137
52,0.4499999999999999,0.7,1.252334128666469,0.2539694253320641,0.3666188566386918,4.464612738940766,1.2666200171906712,-0.0770163533936606,0.014285888524202095,1.012650591858607,0.9000011605519793,-3.197992721750095,1.3436363705843317,-3.197992721750095
53,0.4499999999999999,0.75,99.0,99.0,99.0,99.0,1.1846642705744568,0.0,99.0,99.0,99.0,99.0,1.1846642705744568,0.0
56,0.4499999999999999,0.7999999999999999,99.0,99.0,99.0,99.0,1.1846642705744568,0.0,99.0,99.0,99.0,99.0,1.1846642705744568,0.0
57,0.4499999999999999,0.85,1.348589006702386,0.233008497550755,0.3687602396052059,6.24524207834716,1.334911195477871,1.9999557565577565e-12,-0.013677811224515057,1.101902697927116,0.9661509558726651,-4.910330882869289,1.334911195475871,-4.910330882869289
51,0.4499999999999999,0.9,99.0,99.0,99.0,99.0,1.1846642705744568,0.0,99.0,99.0,99.0,99.0,1.1846642705744568,0.0
59,0.4499999999999999,0.95,99.0,99.0,99.0,99.0,1.1846642705744568,0.0,99.0,99.0,99.0,99.0,1.1846642705744568,0.0
60,0.4499999999999999,1.0,1.224300022537577,0.287028605655125,0.3761331927195774,6.982691668056495,1.221138931882912,-0.0641802944944986,-0.0031610906546650774,0.934110326227787,0.8450057391633345,-5.761552736173583,1.2853192263774107,-5.761552736173583
9,0.4999999999999999,0.05,1.189660966484658,0.1264731790081837,0.3394476105207542,4.614132965007635,1.2274711007679635,-0.2336162719646667,0.037810134283305485,1.1009979217597798,0.8880234902472093,-3.386661864239672,1.4610873727326301,-3.386661864239672
4,0.4999999999999999,0.1,1.299613733402454,0.205263897396673,0.3394476105207541,6.605646066459906,1.3072996354182511,-0.1309278007705808,0.007685902015797108,1.1020357380215782,0.967852024897497,-5.298346431041655,1.4382274361888319,-5.298346431041655
1,0.4999999999999999,0.15,1.2431774111153349,0.1365703998306436,0.3394476105207541,5.130144215879128,1.288780766652652,-0.2441418402620829,0.0456033555373172,1.1522103668220085,0.949333156131898,-3.8413634492264763,1.532922606914735,-3.8413634492264763
2,0.4999999999999999,0.2,1.296791688502055,0.256918394503242,0.3598260451092074,5.481044035388354,1.3147301572402172,-0.115524530091439,0.017938468738162294,1.0578117627369752,0.9549041121310098,-4.166313878148137,1.4302546873316562,-4.166313878148137
3,0.4999999999999999,0.25,1.193230066359932,0.1361600064928896,0.366226111487884,5.206138134479307,1.2222937327975822,-0.1168081359813796,0.029063666437650237,1.0861337263046926,0.8560676213096983,-3.9838444016817247,1.3391018687789618,-3.9838444016817247
5,0.4999999999999999,0.3,1.2048903595618203,0.1220355413604297,0.3394476105207542,4.958501376321093,1.2539466850125045,-0.2130785777259165,0.04905632545068417,1.1319111436520748,0.9144990744917503,-3.704554691308588,1.467025262738421,-3.704554691308588
8,0.4999999999999999,0.35,1.2207707887369892,0.1143735571680621,0.3394476105207542,5.756570124275971,1.2769930672157823,-0.2284818484050189,0.05622227847879313,1.1626195100477201,0.9375454566950281,-4.4795770570601885,1.5054749156208012,-4.4795770570601885
7,0.4999999999999999,0.3999999999999999,1.2243398873037494,0.1190927695528175,0.3394476105207542,5.756570124275971,1.2773142927352188,-0.238750695524396,0.05297440543146936,1.1582215231824013,0.9378666822144646,-4.479255831540752,1.5160649882596149,-4.479255831540752
10,0.4999999999999999,0.4499999999999999,1.1544728013993606,0.0938803247854713,0.3394476105207542,5.285941734363117,1.2126425963128586,-0.3080654135804201,0.05816979491349805,1.1187622715273873,0.8731949857921044,-4.073299138050259,1.5207080098932788,-4.073299138050259
6,0.4999999999999999,0.4999999999999999,1.1787574342329572,0.0915733625842585,0.3394476105207542,5.075254082796032,1.2424716344980002,-0.2746916604424376,0.06371420026504304,1.1508982719137417,0.903024023977246,-3.8327824482980324,1.517163294940438,-3.8327824482980324
14,0.4999999999999999,0.5499999999999999,1.2838189707516086,0.2731914501598813,0.3307374625894085,4.727051891587792,1.2722237179158822,1.999955756557756e-12,-0.011595252835726377,0.9990322677560008,0.9414862553264737,-3.45482817367191,1.2722237179138822,-3.45482817367191
15,0.4999999999999999,0.6,1.1656531765404263,0.0579871930233475,0.3394476105207542,4.744819191215218,1.2574307409191257,-0.2079441541666057,0.09177756437869933,1.1994435478957781,0.9179831303983714,-3.487388450296092,1.4653748950857313,-3.487388450296092
18,0.4999999999999999,0.65,99.0,99.0,99.0,99.0,1.1846642705744568,0.0,99.0,99.0,99.0,99.0,1.1846642705744568,0.0
12,0.4999999999999999,0.7,1.2265842228239383,0.1113465182444555,0.3394476105207542,5.285941734363117,1.2855958459806562,-0.2926621429013103,0.05901162315671793,1.1742493277362007,0.946148235459902,-4.000345888382461,1.5782579888819666,-4.000345888382461
13,0.4999999999999999,0.75,99.0,99.0,99.0,99.0,1.1846642705744568,0.0,99.0,99.0,99.0,99.0,1.1846642705744568,0.0
16,0.4999999999999999,0.7999999999999999,99.0,99.0,99.0,99.0,1.1846642705744568,0.0,99.0,99.0,99.0,99.0,1.1846642705744568,0.0
17,0.4999999999999999,0.85,1.1436054713396626,0.0778565514972445,0.3394476105207542,5.285941734363117,1.2149221713736686,-0.2079441541663169,0.07131670003400603,1.1370656198764242,0.8754745608529144,-4.071019562989449,1.4228663255399856,-4.071019562989449
11,0.4999999999999999,0.9,99.0,99.0,99.0,99.0,1.1846642705744568,0.0,99.0,99.0,99.0,99.0,1.1846642705744568,0.0
19,0.4999999999999999,0.95,1.3405291608842325,0.353952633051422,0.3802044796976607,4.503487940080877,1.2947831795966576,1.999955756557756e-12,-0.0457459812875749,0.9408305465452356,0.9145786998989969,-3.2087047604842196,1.2947831795946576,-3.2087047604842196
20,0.4999999999999999,1.0,99.0,99.0,99.0,99.0,1.1846642705744568,0.0,99.0,99.0,99.0,99.0,1.1846642705744568,0.0
29,0.5499999999999999,0.05,1.216623615512595,0.1513297580883928,0.3394476105207541,4.62745593617409,1.2417085061879862,-0.2241175883791556,0.025084890675391325,1.0903787480995935,0.9022608956672321,-3.3857474299861035,1.4658260945671417,-3.3857474299861035
24,0.5499999999999999,0.1,1.2492187480465935,0.1608375264077584,0.3377828166591652,5.348646758546866,1.2839998524224767,-0.2341297143206482,0.03478110437588322,1.1231623260147183,0.9462170357633115,-4.0646469061243895,1.518129566743125,-4.0646469061243895
21,0.5499999999999999,0.15,1.2454615073142292,0.2220617711943613,0.3556973403635837,4.919747744464454,1.2617729971356768,-0.0793268439955226,0.01631148982144759,1.0397112259413155,0.9060756567720931,-3.657974747328777,1.3410998411311994,-3.657974747328777
22,0.5499999999999999,0.2,1.2734417538383869,0.1745408515273059,0.3608704112944581,5.403190037240144,1.2983626694164725,-0.1540327067892322,0.024920915578085623,1.1238218178891666,0.9374922581220144,-4.104827367823671,1.4523953762057047,-4.104827367823671
23,0.5499999999999999,0.25,1.2375949071855763,0.1549443848193955,0.366226111487884,5.546796155219276,1.2645209990504198,-0.1270769831007677,0.026926091864843515,1.1095766142310244,0.8982948875625358,-4.282275156168856,1.3915979821511875,-4.282275156168856
25,0.5499999999999999,0.3,1.2394968479620658,0.1428465299587872,0.3394476105207542,5.1478825528717564,1.284775393550042,-0.2387506955244256,0.04527854558797628,1.141928863591255,0.9453277830292879,-3.8631071593217143,1.5235260890744677,-3.8631071593217143
28,0.5499999999999999,0.35,1.212728339814951,0.1132403500761857,0.3394476105207542,5.1478825528717564,1.269325545323864,-0.2028097306065395,0.05659720550891301,1.1560851952476785,0.9298779348031099,-3.8785570075478923,1.4721352759304036,-3.8785570075478923
27,0.5499999999999999,0.3999999999999999,1.2353443649154623,0.1198377266211261,0.3394476105207542,5.756570124275971,1.2922328414624311,-0.2028097306065396,0.056888476546968825,1.172395114841305,0.9527852309416769,-4.46433728281354,1.4950425720689706,-4.46433728281354
30,0.5499999999999999,0.4499999999999999,1.2557141454213183,0.1971629380248043,0.3666188566386918,5.419664660420327,1.260955291800604,-0.1026884711921104,0.005241146379285633,1.0637923537757996,0.8943364351619121,-4.158709368619723,1.3636437629927143,-4.158709368619723
26,0.5499999999999999,0.4999999999999999,1.173711246073366,0.1283013014277199,0.3394476105207542,5.285941734363117,1.2096687003303317,-0.200242518826562,0.035957454256965615,1.0813673989026118,0.8702210898095775,-4.076273034032786,1.4099112191568937,-4.076273034032786
34,0.5499999999999999,0.5499999999999999,99.0,99.0,99.0,99.0,1.1846642705744568,0.0,99.0,99.0,99.0,99.0,1.1846642705744568,0.0
35,0.5499999999999999,0.6,1.2838189707516083,0.2731914501598813,0.3307374625894085,4.727051891587792,1.2722237179158822,1.999955756557756e-12,-0.011595252835726155,0.9990322677560008,0.9414862553264737,-3.45482817367191,1.2722237179138822,-3.45482817367191
38,0.5499999999999999,0.65,1.2450830916744278,0.194602729578949,0.3930046124550137,4.587532014906149,1.23360760358356,1.9999557565577565e-12,-0.011475488090867847,1.039004874004611,0.8406029911285462,-3.3539244113225886,1.23360760358156,-3.3539244113225886
32,0.5499999999999999,0.7,99.0,99.0,99.0,99.0,1.1846642705744568,0.0,99.0,99.0,99.0,99.0,1.1846642705744568,0.0
33,0.5499999999999999,0.75,1.390795517933306,0.2636756277469147,0.4172072632184325,7.266026404259247,1.3880520710887123,-0.0975540476324368,-0.002743446844593711,1.1243764433417975,0.9708448078702798,-5.877974333170535,1.4856061187211491,-5.877974333170535
36,0.5499999999999999,0.7999999999999999,1.2265842228239383,0.1113465182444555,0.3394476105207542,5.285941734363117,1.2855958459806562,-0.2926621429013103,0.05901162315671793,1.1742493277362007,0.946148235459902,-4.000345888382461,1.5782579888819666,-4.000345888382461
37,0.5499999999999999,0.85,1.2127865085655083,0.1757034902822351,0.3930046124550137,4.587532014906149,1.205884532564394,1.9999557565577565e-12,-0.006901976001114196,1.030181042282159,0.8128799201093804,-3.3816474823417546,1.2058845325623941,-3.3816474823417546
31,0.5499999999999999,0.9,99.0,99.0,99.0,99.0,1.1846642705744568,0.0,99.0,99.0,99.0,99.0,1.1846642705744568,0.0
39,0.5499999999999999,0.95,99.0,99.0,99.0,99.0,1.1846642705744568,0.0,99.0,99.0,99.0,99.0,1.1846642705744568,0.0
40,0.5499999999999999,1.0,99.0,99.0,99.0,99.0,1.1846642705744568,0.0,99.0,99.0,99.0,99.0,1.1846642705744568,0.0
309,0.6,0.05,1.2516865064536855,0.1438642653633655,0.3394476105207541,5.319104602420427,1.2900433424450646,-0.1917707199531093,0.03835683599137907,1.146179077081699,0.9505957319243105,-4.029061259975363,1.481814062398174,-4.029061259975363
304,0.6,0.1,1.2288784829891737,0.1222775118690965,0.3394476105207542,4.984802716478365,1.27864698101535,-0.2438851190841214,0.04976849802617633,1.1563694691462536,0.9391993704945958,-3.706155735463015,1.5225321000994714,-3.706155735463015
301,0.6,0.15,1.2653069401319166,0.1864560982061355,0.3598260451092074,5.785387821090462,1.2840416722493968,-0.1129573183115837,0.018734732117480224,1.0975855740432614,0.9242156271401893,-4.5013461488410655,1.3969989905609805,-4.5013461488410655
302,0.6,0.2,1.223486762827558,0.1727729959890064,0.3608704112944581,5.041919083664513,1.2410873834625835,-0.1447907443817419,0.017600620635025432,1.0683143874735772,0.8802169721681254,-3.800831700201929,1.3858781278443253,-3.800831700201929
303,0.6,0.25,1.3658768152829903,0.2477858930537847,0.3394476105207542,7.831440691303835,1.363739132974599,-0.1373458302201743,-0.0021376823083913976,1.1159532399208143,1.0242915224538447,-6.467701558329236,1.5010849631947731,-6.467701558329236
305,0.6,0.3,1.212728339814951,0.1132403500761857,0.3394476105207542,5.1478825528717564,1.269325545323864,-0.1951080952669846,0.05659720550891301,1.1560851952476785,0.9298779348031099,-3.8785570075478923,1.4644336405908487,-3.8785570075478923
308,0.6,0.35,1.2361040375601675,0.1251895695809985,0.3394476105207542,5.756570124275971,1.2866300386421434,-0.2413179073042476,0.05052600108197591,1.1614404690611448,0.9471824281213892,-4.469940085633827,1.527947945946391,-4.469940085633827
307,0.6,0.3999999999999999,1.212728339814951,0.1132403500761856,0.3394476105207542,5.1478825528717564,1.269325545323864,-0.2028097306065396,0.05659720550891301,1.1560851952476785,0.9298779348031099,-3.8785570075478923,1.4721352759304036,-3.8785570075478923
310,0.6,0.4499999999999999,1.24686964563843,0.1312359184719575,0.3394476105207542,4.958501376321093,1.2934365719216097,-0.2900949311214363,0.0465669262831796,1.162200653449652,0.9539889614008554,-3.665064804399483,1.583531503043046,-3.665064804399483
306,0.6,0.4999999999999999,1.2881396928091795,0.2135320491730062,0.3666188566386918,5.419664660420327,1.2921263931038502,-0.1001212594122884,0.003986700294670742,1.078594343930844,0.9255075364651584,-4.127538267316477,1.3922476525161387,-4.127538267316477
314,0.6,0.5499999999999999,1.2838189707516086,0.2731914501598813,0.3307374625894085,4.727051891587792,1.2722237179158822,1.999955756557756e-12,-0.011595252835726377,0.9990322677560008,0.9414862553264737,-3.45482817367191,1.2722237179138822,-3.45482817367191
315,0.6,0.6,99.0,99.0,99.0,99.0,1.1846642705744568,0.0,99.0,99.0,99.0,99.0,1.1846642705744568,0.0
318,0.6,0.65,1.2127865085655083,0.1757034902822351,0.3930046124550137,4.587532014906149,1.205884532564394,1.9999557565577565e-12,-0.006901976001114196,1.030181042282159,0.8128799201093804,-3.3816474823417546,1.2058845325623941,-3.3816474823417546
312,0.6,0.7,1.3405291608842325,0.353952633051422,0.3802044796976607,4.503487940080877,1.2947831795966576,1.999955756557756e-12,-0.0457459812875749,0.9408305465452356,0.9145786998989969,-3.2087047604842196,1.2947831795946576,-3.2087047604842196
313,0.6,0.75,99.0,99.0,99.0,99.0,1.1846642705744568,0.0,99.0,99.0,99.0,99.0,1.1846642705744568,0.0
316,0.6,0.7999999999999999,99.0,99.0,99.0,99.0,1.1846642705744568,0.0,99.0,99.0,99.0,99.0,1.1846642705744568,0.0
317,0.6,0.85,99.0,99.0,99.0,99.0,1.1846642705744568,0.0,99.0,99.0,99.0,99.0,1.1846642705744568,0.0
311,0.6,0.9,1.3405291608842325,0.353952633051422,0.3802044796976607,4.503487940080877,1.2947831795966576,1.999955756557756e-12,-0.0457459812875749,0.9408305465452356,0.9145786998989969,-3.2087047604842196,1.2947831795946576,-3.2087047604842196
319,0.6,0.95,99.0,99.0,99.0,99.0,1.1846642705744568,0.0,99.0,99.0,99.0,99.0,1.1846642705744568,0.0
320,0.6,1.0,1.3405291608842325,0.353952633051422,0.3802044796976607,4.503487940080877,1.2947831795966576,1.999955756557756e-12,-0.0457459812875749,0.9408305465452356,0.9145786998989969,-3.2087047604842196,1.2947831795946576,-3.2087047604842196
329,0.65,0.05,1.2578484319864809,0.1864556738175717,0.3394476105207541,4.870490876990855,1.2790736738101725,-0.2194966071754604,0.021225241823691565,1.0926179999926007,0.9396260632894183,-3.591417203180683,1.498570280985633,-3.591417203180683
324,0.65,0.1,1.3744240275207236,0.2514353088394596,0.3394476105207541,13.734555093110922,1.398405746247046,-0.2549241297373866,0.023981718726322487,1.1469704374075864,1.058958135726292,-12.336149346863875,1.6533298759844326,-12.336149346863875
321,0.65,0.15,1.193230066359932,0.1361600064928896,0.366226111487884,5.206138134479307,1.2222937327975822,-0.1245097713209346,0.029063666437650237,1.0861337263046926,0.8560676213096983,-3.9838444016817247,1.346803504118517,-3.9838444016817247
322,0.65,0.2,1.2375949071855763,0.1549443848193955,0.366226111487884,5.546796155219276,1.26452099905042,-0.1270769831007677,0.026926091864843738,1.1095766142310246,0.8982948875625361,-4.282275156168856,1.3915979821511877,-4.282275156168856
323,0.65,0.25,1.2545602118923749,0.1619289825795007,0.366226111487884,5.546796155219276,1.2806330350477837,-0.1168081359813611,0.02607282315540882,1.118704052468283,0.9144069235598997,-4.266163120171493,1.3974411710291448,-4.266163120171493
325,0.65,0.3,1.1895595451896102,0.1095165282340351,0.3394476105207542,5.075254082796032,1.2453355268036364,-0.2028097306065543,0.05577598161402619,1.1358189985696012,0.9058879162828821,-3.8299185559923963,1.4481452574101907,-3.8299185559923963
328,0.65,0.35,1.1909668683328072,0.1103198086394128,0.3394476105207542,5.075254082796032,1.2460394647783275,-0.2053769423863911,0.055072596445520317,1.1357196561389147,0.9065918542575733,-3.829214618017705,1.4514164071647186,-3.829214618017705
327,0.65,0.3999999999999999,1.2457079331135013,0.1473698695690351,0.3394476105207542,5.574855804957231,1.2871291280285435,-0.2657064192128457,0.04142119491504226,1.1397592584595084,0.9476815175077893,-4.2877266769286875,1.5528355472413893,-4.2877266769286875
330,0.65,0.4499999999999999,1.2053987066791405,0.1547599073394035,0.3751522784769272,5.195080340353354,1.2226555972721072,-0.1001212594122884,0.017256890592966645,1.0678956899327037,0.8475033187951799,-3.9724247430812474,1.3227768566843956,-3.9724247430812474
326,0.65,0.4999999999999999,1.390292924639483,0.2879536919225123,0.3001129091471097,7.193449364465866,1.3452487984599453,-0.0154032706771099,-0.04504412617953779,1.057295106537433,1.0451358893128355,-5.848200566005921,1.3606520691370552,-5.848200566005921
334,0.65,0.5499999999999999,1.27039596149904,0.2376940571377955,0.3802044796976607,4.503487940080877,1.2449258789623476,1.9999557565577565e-12,-0.025470082536692473,1.0072318218245522,0.8647213992646869,-3.2585620611185293,1.2449258789603477,-3.2585620611185293
335,0.65,0.6,99.0,99.0,99.0,99.0,1.1846642705744568,0.0,99.0,99.0,99.0,99.0,1.1846642705744568,0.0
338,0.65,0.65,1.348589006702386,0.233008497550755,0.3687602396052059,6.24524207834716,1.334911195477871,1.9999557565577565e-12,-0.013677811224515057,1.101902697927116,0.9661509558726651,-4.910330882869289,1.334911195475871,-4.910330882869289
332,0.65,0.7,1.300084528756698,0.2634183983580421,0.350811515073609,5.274738164622381,1.3007996437836256,-0.0462098120353667,0.0007151150269275597,1.0373812454255835,0.9499881287100165,-3.973938520838755,1.3470094558189922,-3.973938520838755
333,0.65,0.75,99.0,99.0,99.0,99.0,1.1846642705744568,0.0,99.0,99.0,99.0,99.0,1.1846642705744568,0.0
336,0.65,0.7999999999999999,99.0,99.0,99.0,99.0,1.1846642705744568,0.0,99.0,99.0,99.0,99.0,1.1846642705744568,0.0
337,0.65,0.85,1.2127865085655083,0.1757034902822351,0.3930046124550137,4.587532014906149,1.205884532564394,1.9999557565577565e-12,-0.006901976001114196,1.030181042282159,0.8128799201093804,-3.3816474823417546,1.2058845325623941,-3.3816474823417546
331,0.65,0.9,99.0,99.0,99.0,99.0,1.1846642705744568,0.0,99.0,99.0,99.0,99.0,1.1846642705744568,0.0
339,0.65,0.95,1.2127865085655083,0.1757034902822351,0.3930046124550137,4.587532014906149,1.205884532564394,1.9999557565577565e-12,-0.006901976001114196,1.030181042282159,0.8128799201093804,-3.3816474823417546,1.2058845325623941,-3.3816474823417546
340,0.65,1.0,99.0,99.0,99.0,99.0,1.1846642705744568,0.0,99.0,99.0,99.0,99.0,1.1846642705744568,0.0
169,0.7,0.05,1.2619220330364975,0.1394877993364134,0.3394476105207541,5.490526627852295,1.309010655817851,-0.2572346203393286,0.047088622781353395,1.1695228564814375,0.9695630452970968,-4.181515972034443,1.5662452761571795,-4.181515972034443
164,0.7,0.1,1.2013065987293616,0.1248082722159932,0.3394476105207541,4.5827988112749,1.2450496999683427,-0.2333595507866927,0.043743101238981064,1.1202414277523496,0.9056020894475886,-3.3377491113065574,1.4784092507550355,-3.3377491113065574
161,0.7,0.15,1.265779038484807,0.1784762833381325,0.3506193453790839,5.331607936691137,1.2870373603831893,-0.1355487819742804,0.02125832189838217,1.1085610770450567,0.9364180150041054,-4.044570576307947,1.4225861423574697,-4.044570576307947
162,0.7,0.2,1.2177826916489194,0.1353763110429001,0.3394476105207542,4.968845846976557,1.257495231233094,-0.2567211779833168,0.039712539584174644,1.122118920190194,0.9180476207123398,-3.7113506157434633,1.5142164092164108,-3.7113506157434633
163,0.7,0.25,1.3094497069776312,0.2408048878334679,0.3557503581915169,5.48957811642328,1.3334902704063167,-0.1393995996440845,0.024040563428685546,1.0926853825728489,0.9777399122147998,-4.156087846016963,1.4728898700504012,-4.156087846016963
165,0.7,0.3,1.2207707887369892,0.1143735571680621,0.3394476105207542,5.756570124275971,1.276993067215783,-0.2130785777259091,0.0562222784787938,1.1626195100477208,0.9375454566950288,-4.479577057060188,1.490071644941692,-4.479577057060188
168,0.7,0.35,1.212728339814951,0.1132403500761857,0.3394476105207542,5.1478825528717564,1.269325545323864,-0.2053769423863912,0.05659720550891301,1.1560851952476785,0.9298779348031099,-3.8785570075478923,1.4747024877102552,-3.8785570075478923
167,0.7,0.3999999999999999,1.2243398873037494,0.1190927695528175,0.3394476105207542,5.756570124275971,1.2773142927352188,-0.2438851190840992,0.05297440543146936,1.1582215231824013,0.9378666822144646,-4.479255831540752,1.521199411819318,-4.479255831540752
170,0.7,0.4499999999999999,1.3650284685742242,0.2616429113841698,0.3666188566386918,7.266026404259247,1.3556141624558855,-0.0949868358525851,-0.009414306118338711,1.0939712510717157,0.9889953058171936,-5.910412241803361,1.4506009983084707,-5.910412241803361
166,0.7,0.4999999999999999,1.1544728013993606,0.0938803247854713,0.3394476105207542,5.285941734363117,1.2126425963128584,-0.2772588722222003,0.05816979491349783,1.118762271527387,0.8731949857921042,-4.073299138050259,1.4899014685350587,-4.073299138050259
174,0.7,0.5499999999999999,1.2511096626357363,0.1733111076585694,0.3751522784769272,5.195080340353354,1.266098828838548,-0.0975540476324367,0.014989166202811655,1.0927877211799786,0.8909465503616207,-3.9289815115148063,1.3636528764709848,-3.9289815115148063
175,0.7,0.6,1.2294694733564655,0.1762981340065362,0.3394476105207542,5.285941734363117,1.2435813790418857,-0.2618556015429349,0.0141119056854202,1.0672832450353495,0.9041337685211315,-4.0423603553212315,1.5054369805848207,-4.0423603553212315
178,0.7,0.65,1.2127865085655083,0.1757034902822351,0.3930046124550137,4.587532014906149,1.205884532564394,1.9999557565577565e-12,-0.006901976001114196,1.030181042282159,0.8128799201093804,-3.3816474823417546,1.2058845325623941,-3.3816474823417546
172,0.7,0.7,1.348589006702386,0.233008497550755,0.3687602396052059,6.24524207834716,1.334911195477871,1.9999557565577565e-12,-0.013677811224515057,1.101902697927116,0.9661509558726651,-4.910330882869289,1.334911195475871,-4.910330882869289
173,0.7,0.75,1.3405291608842325,0.353952633051422,0.3802044796976607,4.503487940080877,1.2947831795966576,1.999955756557756e-12,-0.0457459812875749,0.9408305465452356,0.9145786998989969,-3.2087047604842196,1.2947831795946576,-3.2087047604842196
176,0.7,0.7999999999999999,99.0,99.0,99.0,99.0,1.1846642705744568,0.0,99.0,99.0,99.0,99.0,1.1846642705744568,0.0
177,0.7,0.85,99.0,99.0,99.0,99.0,1.1846642705744568,0.0,99.0,99.0,99.0,99.0,1.1846642705744568,0.0
171,0.7,0.9,99.0,99.0,99.0,99.0,1.1846642705744568,0.0,99.0,99.0,99.0,99.0,1.1846642705744568,0.0
179,0.7,0.95,99.0,99.0,99.0,99.0,1.1846642705744568,0.0,99.0,99.0,99.0,99.0,1.1846642705744568,0.0
180,0.7,1.0,99.0,99.0,99.0,99.0,1.1846642705744568,0.0,99.0,99.0,99.0,99.0,1.1846642705744568,0.0
249,0.75,0.05,1.201751291262611,0.1385281135729355,0.3394476105207541,4.482480514543247,1.2306770815519354,-0.214105462437732,0.028925790289324516,1.092148967979,0.8912294710311813,-3.2518034329913115,1.4447825439896675,-3.2518034329913115
244,0.75,0.1,1.227639557934443,0.1342668062126421,0.3608704112944581,5.001363060679535,1.2621569370217405,-0.137859272576198,0.03451737908729746,1.1278901308090985,0.9012865257272824,-3.7392061236577945,1.4000162095979385,-3.7392061236577945
241,0.75,0.15,1.205450857947818,0.1379646418546365,0.3394476105207542,5.086736857923692,1.2485771123299083,-0.2426015131941993,0.04312625438209028,1.1106124704752718,0.9091295018091541,-3.838159745593784,1.4911786255241075,-3.838159745593784
242,0.75,0.2,1.2370046011776843,0.1711833255195021,0.3598260451092074,5.392213862178763,1.2602658786654244,-0.1283605889907528,0.023261277487740095,1.0890825531459223,0.9004398335562169,-4.131947983513339,1.3886264676561773,-4.131947983513339
243,0.75,0.25,1.296791688502055,0.256918394503242,0.3598260451092074,5.481044035388354,1.3147301572402172,-0.1091065006418099,0.017938468738162294,1.0578117627369752,0.9549041121310098,-4.166313878148137,1.4238366578820272,-4.166313878148137
245,0.75,0.3,1.253837344050345,0.1253769300750571,0.3394476105207542,5.628158156196727,1.3086862305946407,-0.2143621836158646,0.05484888654429576,1.1833093005195836,0.9692386200738865,-4.319471925602086,1.5230484142105054,-4.319471925602086
248,0.75,0.35,1.2207707887369892,0.1143735571680621,0.3394476105207542,5.756570124275971,1.276993067215783,-0.2259146366251673,0.0562222784787938,1.1626195100477208,0.9375454566950288,-4.479577057060188,1.5029077038409504,-4.479577057060188
247,0.75,0.3999999999999999,1.1544728013993606,0.0938803247854713,0.3394476105207542,5.285941734363117,1.2126425963128584,-0.2772588722222003,0.05816979491349783,1.118762271527387,0.8731949857921042,-4.073299138050259,1.4899014685350587,-4.073299138050259
250,0.75,0.4499999999999999,1.2838189707516086,0.2731914501598813,0.3307374625894085,4.727051891587792,1.2722237179158822,1.999955756557756e-12,-0.011595252835726377,0.9990322677560008,0.9414862553264737,-3.45482817367191,1.2722237179138822,-3.45482817367191
246,0.75,0.4999999999999999,1.1809395041072184,0.0998727326527186,0.3394476105207542,5.285941734363117,1.2355022576828314,-0.2772588722222003,0.05456275357561302,1.1356295250301127,0.8960546471620772,-4.050439476680285,1.5127611299050316,-4.050439476680285
254,0.75,0.5499999999999999,1.251922828995908,0.3170177516230628,0.282436772839654,6.300436564212028,1.2250671925346983,1.9999557565577565e-12,-0.026855636461209587,0.9080494409116355,0.9426304196950444,-5.075369371677329,1.2250671925326984,-5.075369371677329
255,0.75,0.6,1.390795517933306,0.2636756277469147,0.4172072632184325,7.266026404259247,1.3880520710887123,-0.0975540476324367,-0.002743446844593711,1.1243764433417975,0.9708448078702798,-5.877974333170535,1.4856061187211491,-5.877974333170535
258,0.75,0.65,99.0,99.0,99.0,99.0,1.1846642705744568,0.0,99.0,99.0,99.0,99.0,1.1846642705744568,0.0
252,0.75,0.7,1.3405291608842325,0.353952633051422,0.3802044796976607,4.503487940080877,1.2947831795966576,1.999955756557756e-12,-0.0457459812875749,0.9408305465452356,0.9145786998989969,-3.2087047604842196,1.2947831795946576,-3.2087047604842196
253,0.75,0.75,1.2127865085655083,0.1757034902822351,0.3930046124550137,4.587532014906149,1.205884532564394,1.9999557565577565e-12,-0.006901976001114196,1.030181042282159,0.8128799201093804,-3.3816474823417546,1.2058845325623941,-3.3816474823417546
256,0.75,0.7999999999999999,1.1642455674805472,0.2833776859382238,0.371184699425946,4.503487940080877,1.113101296976942,1.9999557565577565e-12,-0.05114427050360515,0.8297236110387183,0.741916597550996,-3.390386643103935,1.113101296974942,-3.390386643103935
257,0.75,0.85,99.0,99.0,99.0,99.0,1.1846642705744568,0.0,99.0,99.0,99.0,99.0,1.1846642705744568,0.0
251,0.75,0.9,1.2591190301161006,0.1189003296953511,0.3394476105207542,5.105567553313818,1.3165968853536498,-0.3080654135804423,0.057477855237549225,1.1976965556582988,0.9771492748328956,-3.788970667960168,1.6246622989340922,-3.788970667960168
259,0.75,0.95,1.3405291608842325,0.353952633051422,0.3802044796976607,4.503487940080877,1.2947831795966576,1.999955756557756e-12,-0.0457459812875749,0.9408305465452356,0.9145786998989969,-3.2087047604842196,1.2947831795946576,-3.2087047604842196
260,0.75,1.0,1.3405291608842325,0.353952633051422,0.3802044796976607,4.503487940080877,1.2947831795966576,1.999955756557756e-12,-0.0457459812875749,0.9408305465452356,0.9145786998989969,-3.2087047604842196,1.2947831795946576,-3.2087047604842196
109,0.7999999999999999,0.05,1.401551287574328,0.2521374568709895,0.3304281678231341,13.689827630497003,1.4257398256392089,-0.1863795752153119,0.02418853806488097,1.1736023687682193,1.0953116578160746,-12.264087804857795,1.6121194008545208,-12.264087804857795
104,0.7999999999999999,0.1,1.249766489376556,0.1479279592771872,0.3394476105207541,5.403190037240144,1.2927572994889485,-0.1940812105549647,0.042990810112392364,1.1448293402117613,0.9533096889681943,-4.1104327377511956,1.4868385100439132,-4.1104327377511956
101,0.7999999999999999,0.15,1.2617091772393445,0.2330021650954529,0.3556973403635838,5.376958108036705,1.2740250555016346,-0.0770163533936273,0.012315878262290081,1.0410228904061816,0.9183277151380508,-4.102933052535071,1.3510414088952618,-4.102933052535071
102,0.7999999999999999,0.2,1.274365433998677,0.1478598681939711,0.3394476105207542,5.477739165668928,1.3210600020331542,-0.2297654542949448,0.046694568034477246,1.173200133839183,0.9816123915124,-4.156679163635774,1.550825456328099,-4.156679163635774
103,0.7999999999999999,0.25,1.2361040375601675,0.1251895695809985,0.3394476105207542,5.756570124275971,1.2866300386421434,-0.2413179073042476,0.05052600108197591,1.1614404690611448,0.9471824281213892,-4.469940085633827,1.527947945946391,-4.469940085633827
105,0.7999999999999999,0.3,1.2207707887369892,0.1143735571680621,0.3394476105207542,5.756570124275971,1.2769930672157823,-0.2233474248453157,0.05622227847879313,1.1626195100477201,0.9375454566950281,-4.4795770570601885,1.500340492061098,-4.4795770570601885
108,0.7999999999999999,0.35,1.2207707887369892,0.1143735571680621,0.3394476105207542,5.756570124275971,1.276993067215783,-0.2310490601848706,0.0562222784787938,1.1626195100477208,0.9375454566950288,-4.479577057060188,1.5080421274006537,-4.479577057060188
107,0.7999999999999999,0.3999999999999999,1.2207707887369892,0.1143735571680621,0.3394476105207542,5.756570124275971,1.2769930672157823,-0.2259146366251673,0.05622227847879313,1.1626195100477201,0.9375454566950281,-4.4795770570601885,1.5029077038409495,-4.4795770570601885
110,0.7999999999999999,0.4499999999999999,1.173711246073366,0.1283013014277199,0.3394476105207542,5.285941734363117,1.2096687003303317,-0.192540883487007,0.035957454256965615,1.0813673989026118,0.8702210898095775,-4.076273034032786,1.4022095838173387,-4.076273034032786
106,0.7999999999999999,0.4999999999999999,1.1544728013993606,0.0938803247854713,0.3394476105207542,5.285941734363117,1.2126425963128584,-0.2772588722222003,0.05816979491349783,1.118762271527387,0.8731949857921042,-4.073299138050259,1.4899014685350587,-4.073299138050259
114,0.7999999999999999,0.5499999999999999,1.2160155999219076,0.1579907335246781,0.3751522784769272,5.195080340353354,1.234330347224029,-0.0949868358525851,0.01831474730212146,1.0763396136993508,0.8591780687471018,-3.9607499931293253,1.3293171830766142,-3.9607499931293253
115,0.7999999999999999,0.6,1.2511096626357363,0.1733111076585694,0.3751522784769272,5.195080340353354,1.266098828838548,-0.1078228947518433,0.014989166202811655,1.0927877211799786,0.8909465503616207,-3.9289815115148063,1.3739217235903913,-3.9289815115148063
118,0.7999999999999999,0.65,1.2127865085655083,0.1757034902822351,0.3930046124550137,4.587532014906149,1.205884532564394,1.9999557565577565e-12,-0.006901976001114196,1.030181042282159,0.8128799201093804,-3.3816474823417546,1.2058845325623941,-3.3816474823417546
112,0.7999999999999999,0.7,99.0,99.0,99.0,99.0,1.1846642705744568,0.0,99.0,99.0,99.0,99.0,1.1846642705744568,0.0
113,0.7999999999999999,0.75,99.0,99.0,99.0,99.0,1.1846642705744568,0.0,99.0,99.0,99.0,99.0,1.1846642705744568,0.0
116,0.7999999999999999,0.7999999999999999,99.0,99.0,99.0,99.0,1.1846642705744568,0.0,99.0,99.0,99.0,99.0,1.1846642705744568,0.0
117,0.7999999999999999,0.85,1.2838189707516086,0.2731914501598813,0.3307374625894085,4.727051891587792,1.2722237179158822,1.999955756557756e-12,-0.011595252835726377,0.9990322677560008,0.9414862553264737,-3.45482817367191,1.2722237179138822,-3.45482817367191
111,0.7999999999999999,0.9,1.2127865085655083,0.1757034902822351,0.3930046124550137,4.587532014906149,1.205884532564394,1.9999557565577565e-12,-0.006901976001114196,1.030181042282159,0.8128799201093804,-3.3816474823417546,1.2058845325623941,-3.3816474823417546
119,0.7999999999999999,0.95,99.0,99.0,99.0,99.0,1.1846642705744568,0.0,99.0,99.0,99.0,99.0,1.1846642705744568,0.0
120,0.7999999999999999,1.0,1.3405291608842325,0.353952633051422,0.3802044796976607,4.503487940080877,1.2947831795966576,1.999955756557756e-12,-0.0457459812875749,0.9408305465452356,0.9145786998989969,-3.2087047604842196,1.2947831795946576,-3.2087047604842196
289,0.85,0.05,1.327725368656462,0.1947996811789184,0.3394476105207541,6.231999973457599,1.35544541207567,-0.2064038270982192,0.027720043419207974,1.1606457308967517,1.0159978015549158,-4.876554561381929,1.5618492391738892,-4.876554561381929
284,0.85,0.1,1.1790220818727482,0.1438858572267225,0.3394476105207542,4.57925712999877,1.2067135756842209,-0.2631392074329237,0.027691493811472734,1.0628277184574983,0.8672659651634667,-3.372543554314549,1.4698527831171446,-3.372543554314549
281,0.85,0.15,1.2375949071855763,0.1549443848193955,0.366226111487884,5.546796155219276,1.2645209990504198,-0.1270769831007677,0.026926091864843515,1.1095766142310244,0.8982948875625358,-4.282275156168856,1.3915979821511875,-4.282275156168856
282,0.85,0.2,1.2375949071855763,0.1549443848193955,0.366226111487884,5.546796155219276,1.2645209990504198,-0.1270769831007677,0.026926091864843515,1.1095766142310244,0.8982948875625358,-4.282275156168856,1.3915979821511875,-4.282275156168856
283,0.85,0.25,1.162759986843516,0.0951983296499231,0.3394476105207542,5.075254082796032,1.2206900455453324,-0.2053769423863911,0.057930058701816556,1.1254917158954094,0.8812424350245782,-3.8545640372507,1.4260669879317236,-3.8545640372507
285,0.85,0.3,1.1627599868435157,0.0951983296499231,0.3394476105207542,5.075254082796032,1.2206900455453324,-0.2079441541662428,0.05793005870181678,1.1254917158954094,0.8812424350245782,-3.8545640372507,1.4286341997115752,-3.8545640372507
288,0.85,0.35,1.2361040375601675,0.1251895695809985,0.3394476105207542,5.756570124275971,1.2866300386421434,-0.2361834837445443,0.05052600108197591,1.1614404690611448,0.9471824281213892,-4.469940085633827,1.5228135223866877,-4.469940085633827
287,0.85,0.3999999999999999,1.2965123427284106,0.1536834141444554,0.3394476105207542,5.756570124275972,1.34405687294939,-0.223347424845286,0.047544530220979375,1.1903734588049346,1.0046092624286358,-4.4125132513265815,1.567404297794676,-4.4125132513265815
290,0.85,0.4499999999999999,1.2186999148956807,0.1654208207804587,0.3366729540847726,5.756570124275971,1.2478034713846704,-0.1951080952668439,0.029103556488989657,1.0823826506042118,0.9111305172998978,-4.508766652891301,1.4429115666515142,-4.508766652891301
286,0.85,0.4999999999999999,1.1544728013993606,0.0938803247854713,0.3394476105207542,5.285941734363117,1.2126425963128584,-0.2772588722222003,0.05816979491349783,1.118762271527387,0.8731949857921042,-4.073299138050259,1.4899014685350587,-4.073299138050259
294,0.85,0.5499999999999999,1.2127865085655083,0.1757034902822351,0.3930046124550137,4.587532014906149,1.205884532564394,1.9999557565577565e-12,-0.006901976001114196,1.030181042282159,0.8128799201093804,-3.3816474823417546,1.2058845325623941,-3.3816474823417546
295,0.85,0.6,1.2838189707516083,0.2731914501598813,0.3307374625894085,4.727051891587792,1.2722237179158822,1.999955756557756e-12,-0.011595252835726155,0.9990322677560008,0.9414862553264737,-3.45482817367191,1.2722237179138822,-3.45482817367191
298,0.85,0.65,1.1982215637434714,0.1658075834277605,0.3394476105207542,4.587532014906149,1.2025313102772248,-0.1232261654308791,0.004309746533753378,1.0367237268494642,0.8630836997564706,-3.385000704628924,1.3257574757081039,-3.385000704628924
292,0.85,0.7,1.5085583578715842,0.3438212221795496,0.3208664690785718,9.061317136817088,1.4672020407101096,-0.0154032706771099,-0.04135631716147459,1.12338081853056,1.1463355716315378,-7.594115096106979,1.4826053113872195,-7.594115096106979
293,0.85,0.75,99.0,99.0,99.0,99.0,1.1846642705744568,0.0,99.0,99.0,99.0,99.0,1.1846642705744568,0.0
296,0.85,0.7999999999999999,1.3405291608842325,0.353952633051422,0.3802044796976607,4.503487940080877,1.2947831795966576,1.999955756557756e-12,-0.0457459812875749,0.9408305465452356,0.9145786998989969,-3.2087047604842196,1.2947831795946576,-3.2087047604842196
297,0.85,0.85,1.27039596149904,0.2376940571377955,0.3802044796976607,4.503487940080877,1.2449258789623476,1.9999557565577565e-12,-0.025470082536692473,1.0072318218245522,0.8647213992646869,-3.2585620611185293,1.2449258789603477,-3.2585620611185293
291,0.85,0.9,1.3860168261327497,0.2814505517637117,0.3644423730348369,6.331865097879767,1.3609387597431732,1.9999557565577565e-12,-0.025078066389576437,1.0794882079794617,0.9964963867083363,-4.970926338136594,1.3609387597411733,-4.970926338136594
299,0.85,0.95,1.170759247082792,0.0570068863107482,0.3394476105207542,4.744819191215218,1.2640009929551663,-0.2002425188270508,0.09324174587237422,1.206994106644418,0.9245533824344121,-3.4808181982600512,1.4642435117822172,-3.4808181982600512
300,0.85,1.0,99.0,99.0,99.0,99.0,1.1846642705744568,0.0,99.0,99.0,99.0,99.0,1.1846642705744568,0.0
149,0.9,0.05,1.374650312601982,0.2046772780395044,0.3394476105207541,13.841361368922128,1.4221049858276145,-0.2572346203392863,0.04745467322563246,1.2174277077881102,1.0826573753068605,-12.419256383094513,1.6793396061669008,-12.419256383094513
144,0.9,0.1,1.2908260388854715,0.1542201364256401,0.3394476105207541,5.403190037240144,1.3319872019457342,-0.2449120037959873,0.04116116306026263,1.177767065520094,0.99253959142498,-4.071202835294409,1.5768992057417215,-4.071202835294409
141,0.9,0.15,1.2301319323743944,0.1661618910283489,0.3598260451092074,5.444729800350491,1.2532442366815453,-0.1001212594123661,0.023112304307150833,1.0870823456531964,0.8934181915723378,-4.191485563668946,1.3533654960939114,-4.191485563668946
142,0.9,0.2,1.23043315064902,0.1768427496723782,0.366226111487884,5.213584364212245,1.2438248076569989,-0.1437638596697738,0.013391657007978841,1.0669820579846208,0.8775986961691149,-3.969759556555246,1.3875886673267728,-3.969759556555246
143,0.9,0.25,1.2795901336313824,0.2221058556129587,0.3557503581915169,5.376137891563839,1.3088618475465077,-0.1347786184403693,0.029271713915125286,1.086755991933549,0.9531114893549908,-4.067276044017331,1.443640465986877,-4.067276044017331
145,0.9,0.3,1.212728339814951,0.1132403500761857,0.3394476105207542,5.1478825528717564,1.269325545323864,-0.2079441541662429,0.05659720550891301,1.1560851952476785,0.9298779348031099,-3.8785570075478923,1.477269699490107,-3.8785570075478923
148,0.9,0.35,1.2207707887369894,0.1143735571680621,0.3394476105207542,5.756570124275971,1.2769930672157823,-0.2182130012856124,0.05622227847879291,1.1626195100477201,0.9375454566950281,-4.4795770570601885,1.4952060685013948,-4.4795770570601885
147,0.9,0.3999999999999999,1.216020051455111,0.1084938820019499,0.3394476105207542,5.756570124275972,1.276046569229799,-0.1797048245878821,0.06002651777468815,1.1675526872278492,0.9365989587090449,-4.480523555046172,1.4557513938176811,-4.480523555046172
150,0.9,0.4499999999999999,1.201414892121566,0.1548070525250391,0.3751522784769272,5.195080340353354,1.217463329060016,-0.0975540476324367,0.01604843693845015,1.062656276534977,0.8423110505830889,-3.9776170112933382,1.3150173766924529,-3.9776170112933382
146,0.9,0.4999999999999999,1.197857449798747,0.1469046604083466,0.3751522784769272,5.195080340353354,1.2189830457672228,-0.0718819298339573,0.02112559596847574,1.0720783853588762,0.8438307672902956,-3.9760972945861317,1.29086497560118,-3.9760972945861317
154,0.9,0.5499999999999999,1.1585308651787591,0.0897091406708746,0.3394476105207542,5.285941734363117,1.2204309986309951,-0.3003637782408652,0.061900133452235995,1.1307218579601206,0.8809833881102409,-4.065510735732122,1.5207947768718604,-4.065510735732122
155,0.9,0.6,1.2614124118930272,0.1902108619155821,0.3394476105207542,5.285941734363117,1.2731575838705402,-0.246452330863825,0.011745171977513014,1.0829467219549582,0.933709973349786,-4.0127841504925765,1.5196099147343651,-4.0127841504925765
158,0.9,0.65,1.2127865085655083,0.1757034902822351,0.3930046124550137,4.587532014906149,1.205884532564394,1.9999557565577565e-12,-0.006901976001114196,1.030181042282159,0.8128799201093804,-3.3816474823417546,1.2058845325623941,-3.3816474823417546
152,0.9,0.7,99.0,99.0,99.0,99.0,1.1846642705744568,0.0,99.0,99.0,99.0,99.0,1.1846642705744568,0.0
153,0.9,0.75,1.27039596149904,0.2376940571377955,0.3802044796976607,4.503487940080877,1.2449258789623476,1.9999557565577565e-12,-0.025470082536692473,1.0072318218245522,0.8647213992646869,-3.2585620611185293,1.2449258789603477,-3.2585620611185293
156,0.9,0.7999999999999999,99.0,99.0,99.0,99.0,1.1846642705744568,0.0,99.0,99.0,99.0,99.0,1.1846642705744568,0.0
157,0.9,0.85,1.1908364968371554,0.0768094068184688,0.3394476105207542,5.285941734363117,1.26507834424182,-0.2695572368827564,0.07424184740466466,1.1882689374233513,0.9256307337210659,-4.020863390121297,1.5346355811245764,-4.020863390121297
151,0.9,0.9,1.1998872535863168,0.0718217636619793,0.3394476105207542,4.744819191215218,1.2899095896287944,-0.1848392481479409,0.09002233604247767,1.218087825966815,0.9504619791080402,-3.454909601586423,1.4747488377767353,-3.454909601586423
159,0.9,0.95,1.1818000574224057,0.2911499632498036,0.3014140565418671,6.795876769280423,1.153498146347059,-0.0641802944943134,-0.02830191107534663,0.8623481830972555,0.852084089805192,-5.642378622933364,1.2176784408413726,-5.642378622933364
160,0.9,1.0,99.0,99.0,99.0,99.0,1.1846642705744568,0.0,99.0,99.0,99.0,99.0,1.1846642705744568,0.0
89,0.95,0.05,1.176601727883372,0.1245065862561838,0.3394476105207541,4.503596427685534,1.213344378775193,-0.2187264436415116,0.03674265089182094,1.0888377925190091,0.8738967682544388,-3.2902520489103413,1.4320708224167045,-3.2902520489103413
84,0.95,0.1,1.3064143461424642,0.1972742509970852,0.3557503581915169,5.48957811642328,1.3261756502067796,-0.1401697631780089,0.01976130406431542,1.1289013992096943,0.9704252920152627,-4.1634024662165,1.4663454133847886,-4.1634024662165
81,0.95,0.15,1.185836131015929,0.1043106206390287,0.3394476105207542,4.850894484648154,1.2376707811708507,-0.2117949718359684,0.05183465015492161,1.133360160531822,0.8982231706500965,-3.613223703477303,1.4494657530068191,-3.613223703477303
82,0.95,0.2,1.2135101621721007,0.1550758312118644,0.3394476105207542,4.79896521060367,1.2461123975541524,-0.2092277600560723,0.03260223538205165,1.091036566342288,0.9066647870333981,-3.552852813049518,1.4553401576102247,-3.552852813049518
83,0.95,0.25,1.1748355596873643,0.0927864131060912,0.3394476105207542,5.075254082796032,1.2359298197919808,-0.1899736717073257,0.061094260104616493,1.1431434066858897,0.8964822092712266,-3.839324263004052,1.4259034914993065,-3.839324263004052
85,0.95,0.3,1.2433656984983457,0.2318627969058284,0.3598260451092074,5.444729800350491,1.266743056313714,-0.1065392888619731,0.023377357815368427,1.0348802594078856,0.9069170112045066,-4.177986744036778,1.3732823451756873,-4.177986744036778
88,0.95,0.35,1.2298203894178772,0.1717613919331721,0.3751522784769272,5.195080340353354,1.2428127482930116,-0.1001212594122884,0.012992358875134391,1.0710513563598394,0.8676604698160844,-3.952267592060343,1.3429340077053,-3.952267592060343
87,0.95,0.3999999999999999,1.2207707887369892,0.1143735571680621,0.3394476105207542,5.756570124275971,1.2769930672157828,-0.2259146366251673,0.056222278478793575,1.1626195100477206,0.9375454566950285,-4.4795770570601885,1.50290770384095,-4.4795770570601885
90,0.95,0.4499999999999999,1.1544728013993606,0.0938803247854713,0.3394476105207542,5.285941734363117,1.2126425963128584,-0.2849605075617553,0.05816979491349783,1.118762271527387,0.8731949857921042,-4.073299138050259,1.4976031038746136,-4.073299138050259
86,0.95,0.4999999999999999,1.173711246073366,0.1283013014277199,0.3394476105207542,5.285941734363117,1.2096687003303317,-0.192540883487007,0.035957454256965615,1.0813673989026118,0.8702210898095775,-4.076273034032786,1.4022095838173387,-4.076273034032786
94,0.95,0.5499999999999999,1.173711246073366,0.1283013014277199,0.3394476105207542,5.285941734363117,1.2096687003303317,-0.200242518826562,0.035957454256965615,1.0813673989026118,0.8702210898095775,-4.076273034032786,1.4099112191568937,-4.076273034032786
95,0.95,0.6,1.194443684142244,0.1102203508806258,0.3394476105207542,5.285941734363117,1.2506667251623516,-0.3003637782408651,0.056223041020107445,1.1404463742817257,0.9112191146415973,-4.035275009200766,1.5510305034032166,-4.035275009200766
98,0.95,0.65,1.3405291608842325,0.353952633051422,0.3802044796976607,4.503487940080877,1.2947831795966576,1.999955756557756e-12,-0.0457459812875749,0.9408305465452356,0.9145786998989969,-3.2087047604842196,1.2947831795946576,-3.2087047604842196
92,0.95,0.7,1.27039596149904,0.2376940571377955,0.3802044796976607,4.503487940080877,1.2449258789623476,1.9999557565577565e-12,-0.025470082536692473,1.0072318218245522,0.8647213992646869,-3.2585620611185293,1.2449258789603477,-3.2585620611185293
93,0.95,0.75,1.2838189707516086,0.2731914501598813,0.3307374625894085,4.727051891587792,1.2722237179158822,1.999955756557756e-12,-0.011595252835726377,0.9990322677560008,0.9414862553264737,-3.45482817367191,1.2722237179138822,-3.45482817367191
96,0.95,0.7999999999999999,99.0,99.0,99.0,99.0,1.1846642705744568,0.0,99.0,99.0,99.0,99.0,1.1846642705744568,0.0
97,0.95,0.85,1.1436054713396628,0.0778565514972445,0.3394476105207542,5.285941734363117,1.2149221713736686,-0.2156457895058718,0.07131670003400581,1.1370656198764242,0.8754745608529144,-4.071019562989449,1.4305679608795405,-4.071019562989449
91,0.95,0.9,99.0,99.0,99.0,99.0,1.1846642705744568,0.0,99.0,99.0,99.0,99.0,1.1846642705744568,0.0
99,0.95,0.95,1.2127865085655083,0.1757034902822351,0.3930046124550137,4.587532014906149,1.205884532564394,1.9999557565577565e-12,-0.006901976001114196,1.030181042282159,0.8128799201093804,-3.3816474823417546,1.2058845325623941,-3.3816474823417546
100,0.95,1.0,99.0,99.0,99.0,99.0,1.1846642705744568,0.0,99.0,99.0,99.0,99.0,1.1846642705744568,0.0
269,1.0,0.05,1.2318874331284373,0.157460197938046,0.3386152135899596,4.896782761680226,1.2600715804871043,-0.2456821673299473,0.028184147358667033,1.1026113825490582,0.9214563668971447,-3.636711181193122,1.5057537478170517,-3.636711181193122
264,1.0,0.1,1.2434402396124995,0.2212460058588526,0.3556973403635838,5.376958108036705,1.258815403961837,-0.0716252086559388,0.015375164349337611,1.0375693981029845,0.9031180635982533,-4.118142704074868,1.330440612617776,-4.118142704074868
261,1.0,0.15,1.231546485032888,0.1339908731012715,0.3394476105207542,4.89207290276357,1.2772304993568455,-0.2464523308639435,0.04568401432395741,1.143239626255574,0.9377828888360913,-3.614842403406725,1.523682830220789,-3.614842403406725
262,1.0,0.2,1.193230066359932,0.1361600064928896,0.366226111487884,5.206138134479307,1.222293732797582,-0.1180917418713055,0.029063666437650015,1.0861337263046924,0.856067621309698,-3.9838444016817247,1.3403854746688875,-3.9838444016817247
263,1.0,0.25,1.193230066359932,0.1361600064928896,0.366226111487884,5.206138134479307,1.2222937327975822,-0.1168081359813796,0.029063666437650237,1.0861337263046926,0.8560676213096983,-3.9838444016817247,1.3391018687789618,-3.9838444016817247
265,1.0,0.3,1.2207707887369892,0.1143735571680621,0.3394476105207542,5.756570124275971,1.2769930672157823,-0.220780213065464,0.05622227847879313,1.1626195100477201,0.9375454566950281,-4.4795770570601885,1.4977732802812462,-4.4795770570601885
268,1.0,0.35,1.2207707887369892,0.1143735571680621,0.3394476105207542,5.756570124275971,1.2769930672157828,-0.2233474248453157,0.056222278478793575,1.1626195100477206,0.9375454566950285,-4.4795770570601885,1.5003404920610985,-4.4795770570601885
267,1.0,0.3999999999999999,1.2361040375601675,0.1251895695809985,0.3394476105207542,5.756570124275971,1.2866300386421436,-0.2387506955243959,0.050526001081976135,1.161440469061145,0.9471824281213894,-4.469940085633827,1.5253807341665395,-4.469940085633827
270,1.0,0.4499999999999999,1.2127865085655083,0.1757034902822351,0.3930046124550137,4.587532014906149,1.205884532564394,1.9999557565577565e-12,-0.006901976001114196,1.030181042282159,0.8128799201093804,-3.3816474823417546,1.2058845325623941,-3.3816474823417546
266,1.0,0.4999999999999999,1.1670659276512807,0.1218249681614872,0.3394476105207542,5.285941734363117,1.2107246072923683,-0.1463310714497662,0.043658679641087605,1.0888996391308812,0.8712769967716141,-4.075217127070749,1.3570556787421344,-4.075217127070749
274,1.0,0.5499999999999999,1.2888997709874743,0.2891016218446247,0.3666188566386918,5.419664660420327,1.2863660651745523,-0.1026884711921104,-0.0025337058129220047,0.9972644433299276,0.9197472085358604,-4.133298595245775,1.3890545363666627,-4.133298595245775
275,1.0,0.6,1.1908364968371554,0.0768094068184688,0.3394476105207542,5.285941734363117,1.26507834424182,-0.2695572368827564,0.07424184740466466,1.1882689374233513,0.9256307337210659,-4.020863390121297,1.5346355811245764,-4.020863390121297
278,1.0,0.65,1.2127865085655083,0.1757034902822351,0.3930046124550137,4.587532014906149,1.205884532564394,1.9999557565577565e-12,-0.006901976001114196,1.030181042282159,0.8128799201093804,-3.3816474823417546,1.2058845325623941,-3.3816474823417546
272,1.0,0.7,1.390292924639483,0.2879536919225123,0.3001129091471097,7.193449364465867,1.3452487984599453,-0.0154032706771099,-0.04504412617953779,1.057295106537433,1.0451358893128355,-5.8482005660059215,1.3606520691370552,-5.8482005660059215
273,1.0,0.75,99.0,99.0,99.0,99.0,1.1846642705744568,0.0,99.0,99.0,99.0,99.0,1.1846642705744568,0.0
276,1.0,0.7999999999999999,1.2838189707516083,0.2731914501598813,0.3307374625894085,4.727051891587792,1.2722237179158822,1.999955756557756e-12,-0.011595252835726155,0.9990322677560008,0.9414862553264737,-3.45482817367191,1.2722237179138822,-3.45482817367191
277,1.0,0.85,1.2838189707516086,0.2731914501598813,0.3307374625894085,4.727051891587792,1.2722237179158822,1.999955756557756e-12,-0.011595252835726377,0.9990322677560008,0.9414862553264737,-3.45482817367191,1.2722237179138822,-3.45482817367191
271,1.0,0.9,1.27039596149904,0.2376940571377955,0.3802044796976607,4.503487940080877,1.2449258789623476,1.9999557565577565e-12,-0.025470082536692473,1.0072318218245522,0.8647213992646869,-3.2585620611185293,1.2449258789603477,-3.2585620611185293
279,1.0,0.95,1.2127865085655083,0.1757034902822351,0.3930046124550137,4.587532014906149,1.205884532564394,1.9999557565577565e-12,-0.006901976001114196,1.030181042282159,0.8128799201093804,-3.3816474823417546,1.2058845325623941,-3.3816474823417546
280,1.0,1.0,1.2838189707516083,0.2731914501598813,0.3307374625894085,4.727051891587792,1.2722237179158822,1.999955756557756e-12,-0.011595252835726155,0.9990322677560008,0.9414862553264737,-3.45482817367191,1.2722237179138822,-3.45482817367191
